id,sector_id,code,name,market
1,25,095570,AJ네트웍스,KOSPI
2,23,006840,AK홀딩스,KOSPI
3,23,027410,BGF,KOSPI
4,17,282330,BGF리테일,KOSPI
5,23,138930,BNK금융지주,KOSPI
6,4,001460,BYC,KOSPI
7,4,001465,BYC우,KOSPI
8,23,001040,CJ,KOSPI
9,27,079160,"CJ CGV",KOSPI
10,23,00104K,CJ4우(전환),KOSPI
11,18,000120,CJ대한통운,KOSPI
12,3,011150,CJ씨푸드,KOSPI
13,3,011155,CJ씨푸드1우,KOSPI
14,23,001045,CJ우,KOSPI
15,3,097950,CJ제일제당,KOSPI
16,3,097955,"CJ제일제당 우",KOSPI
17,8,000480,CR홀딩스,KOSPI
18,23,000590,CS홀딩스,KOSPI
19,26,012030,DB,KOSPI
20,22,005830,DB손해보험,KOSPI
21,21,016610,DB증권,KOSPI
22,11,000990,DB하이텍,KOSPI
23,13,000300,DH오토넥스,KOSPI
24,17,001530,DI동일,KOSPI
25,10,015590,DKME,KOSPI
26,6,000210,DL,KOSPI
27,6,000215,DL우,KOSPI
28,16,375500,DL이앤씨,KOSPI
29,16,37550L,DL이앤씨2우(전환),KOSPI
30,16,37550K,DL이앤씨우,KOSPI
31,11,007340,DN오토모티브,KOSPI
32,6,004840,DRB동일,KOSPI
33,9,155660,DSR,KOSPI
34,9,069730,DSR제강,KOSPI
35,6,017860,DS단석,KOSPI
36,13,092780,DYP,KOSPI
37,17,017940,E1,KOSPI
38,24,365550,ESR켄달스퀘어리츠,KOSPI
39,4,383220,F&F,KOSPI
40,23,007700,F&F홀딩스,KOSPI
41,27,114090,GKL,KOSPI
42,23,078930,GS,KOSPI
43,16,006360,GS건설,KOSPI
44,17,001250,GS글로벌,KOSPI
45,17,007070,GS리테일,KOSPI
46,23,078935,GS우,KOSPI
47,23,499790,GS피앤엘,KOSPI
48,23,012630,HDC,KOSPI
49,16,039570,HDC랩스,KOSPI
50,6,089470,HDC현대EP,KOSPI
51,16,294870,HDC현대산업개발,KOSPI
52,23,009540,HD한국조선해양,KOSPI
53,23,267250,HD현대,KOSPI
54,10,267270,HD현대건설기계,KOSPI
55,25,443060,HD현대마린솔루션,KOSPI
56,10,071970,HD현대마린엔진,KOSPI
57,11,322000,HD현대에너지솔루션,KOSPI
58,10,042670,HD현대인프라코어,KOSPI
59,11,267260,HD현대일렉트릭,KOSPI
60,13,329180,HD현대중공업,KOSPI
61,16,097230,HJ중공업,KOSPI
62,16,014790,"HL D&I",KOSPI
63,17,003580,HLB글로벌,KOSPI
64,13,204320,HL만도,KOSPI
65,23,060980,HL홀딩스,KOSPI
66,18,011200,HMM,KOSPI
67,25,035000,HS애드,KOSPI
68,16,002460,HS화성,KOSPI
69,23,487570,HS효성,KOSPI
70,6,298050,HS효성첨단소재,KOSPI
71,27,003560,IHQ,KOSPI
72,25,015360,INVENI,KOSPI
73,23,175330,JB금융지주,KOSPI
74,7,234080,JW생명과학,KOSPI
75,7,001060,JW중외제약,KOSPI
76,7,001067,JW중외제약2우B,KOSPI
77,7,001065,JW중외제약우,KOSPI
78,23,096760,JW홀딩스,KOSPI
79,9,008970,KBI동양철관,KOSPI
80,23,105560,KB금융,KOSPI
81,23,415640,KB발해인프라,KOSPI
82,24,432320,KB스타리츠,KOSPI
83,6,002380,KCC,KOSPI
84,8,344820,KCC글라스,KOSPI
85,18,009070,KCTC,KOSPI
86,23,009440,KC그린홀딩스,KOSPI
87,10,119650,KC코트렐,KOSPI
88,11,092220,KEC,KOSPI
89,13,003620,KG모빌리티,KOSPI
90,9,016380,KG스틸,KOSPI
91,6,001390,KG케미칼,KOSPI
92,11,033180,"KH 필룩스",KOSPI
93,9,001940,KISCO홀딩스,KOSPI
94,6,025000,KPX케미칼,KOSPI
95,6,092230,KPX홀딩스,KOSPI
96,13,000040,KR모터스,KOSPI
97,18,044450,KSS해운,KOSPI
98,19,030200,KT,KOSPI
99,3,033780,KT&G,KOSPI
100,26,058850,KTcs,KOSPI
101,26,058860,KTis,KOSPI
102,4,093050,LF,KOSPI
103,23,003550,LG,KOSPI
104,11,034220,LG디스플레이,KOSPI
105,6,051900,LG생활건강,KOSPI
106,6,051905,LG생활건강우,KOSPI
107,26,064400,LG씨엔에스,KOSPI
108,11,373220,LG에너지솔루션,KOSPI
109,23,003555,LG우,KOSPI
110,19,032640,LG유플러스,KOSPI
111,11,011070,LG이노텍,KOSPI
112,11,066570,LG전자,KOSPI
113,11,066575,LG전자우,KOSPI
114,27,037560,LG헬로비전,KOSPI
115,6,051910,LG화학,KOSPI
116,6,051915,LG화학우,KOSPI
117,9,079550,LIG넥스원,KOSPI
118,23,006260,LS,KOSPI
119,11,010120,"LS ELECTRIC",KOSPI
120,17,000680,LS네트웍스,KOSPI
121,23,229640,LS에코에너지,KOSPI
122,11,108320,LX세미콘,KOSPI
123,17,001120,LX인터내셔널,KOSPI
124,6,108670,LX하우시스,KOSPI
125,6,108675,LX하우시스우,KOSPI
126,23,383800,LX홀딩스,KOSPI
127,23,38380K,LX홀딩스1우,KOSPI
128,3,023150,MH에탄올,KOSPI
129,26,035420,NAVER,KOSPI
130,26,181710,NHN,KOSPI
131,24,400760,NH올원리츠,KOSPI
132,21,005940,NH투자증권,KOSPI
133,21,005945,NH투자증권우,KOSPI
134,24,338100,NH프라임리츠,KOSPI
135,25,034310,NICE,KOSPI
136,26,030190,NICE평가정보,KOSPI
137,9,008260,NI스틸,KOSPI
138,6,004250,NPC,KOSPI
139,6,004255,NPC우,KOSPI
140,6,456040,OCI,KOSPI
141,23,010060,OCI홀딩스,KOSPI
142,6,178920,PI첨단소재,KOSPI
143,6,001340,PKC,KOSPI
144,9,005490,POSCO홀딩스,KOSPI
145,6,010950,S-Oil,KOSPI
146,6,010955,S-Oil우,KOSPI
147,27,034120,SBS,KOSPI
148,6,003080,SB성보,KOSPI
149,15,005090,SGC에너지,KOSPI
150,13,001380,SG글로벌,KOSPI
151,17,004060,SG세계물산,KOSPI
152,9,001770,SHD,KOSPI
153,6,002360,SH에너지화학,KOSPI
154,9,009160,SIMPAC,KOSPI
155,13,033530,SJG세종,KOSPI
156,13,123700,SJM,KOSPI
157,17,025530,SJM홀딩스,KOSPI
158,23,034730,SK,KOSPI
159,6,011790,SKC,KOSPI
160,17,018670,SK가스,KOSPI
161,17,001740,SK네트웍스,KOSPI
162,23,006120,SK디스커버리,KOSPI
163,23,006125,SK디스커버리우,KOSPI
164,24,210980,SK디앤디,KOSPI
165,24,395400,SK리츠,KOSPI
166,7,302440,SK바이오사이언스,KOSPI
167,25,326030,SK바이오팜,KOSPI
168,23,402340,SK스퀘어,KOSPI
169,11,361610,SK아이이테크놀로지,KOSPI
170,9,100090,SK오션플랜트,KOSPI
171,23,03473K,SK우,KOSPI
172,6,096770,SK이노베이션,KOSPI
173,6,096775,SK이노베이션우,KOSPI
174,16,475150,SK이터닉스,KOSPI
175,21,001510,SK증권,KOSPI
176,21,001515,SK증권우,KOSPI
177,6,285130,SK케미칼,KOSPI
178,6,28513K,SK케미칼우,KOSPI
179,19,017670,SK텔레콤,KOSPI
180,11,000660,SK하이닉스,KOSPI
181,13,003570,SNT다이내믹스,KOSPI
182,13,064960,SNT모티브,KOSPI
183,10,100840,SNT에너지,KOSPI
184,23,036530,SNT홀딩스,KOSPI
185,3,005610,SPC삼립,KOSPI
186,17,011810,STX,KOSPI
187,18,465770,STX그린로지스,KOSPI
188,10,077970,STX엔진,KOSPI
189,5,002820,SUN&L,KOSPI
190,4,084870,TBH글로벌,KOSPI
191,9,002710,TCC스틸,KOSPI
192,6,069260,TKG휴켐스,KOSPI
193,4,007980,TP,KOSPI
194,10,002900,TYM,KOSPI
195,6,024070,WISCOM,KOSPI
196,26,037270,"YG PLUS",KOSPI
197,23,139130,iM금융지주,KOSPI
198,11,000500,가온전선,KOSPI
199,6,000860,강남제비스코,KOSPI
200,27,035250,강원랜드,KOSPI
201,27,011420,갤럭시아에스엠,KOSPI
202,6,002100,경농,KOSPI
203,11,009450,경동나비엔,KOSPI
204,15,267290,경동도시가스,KOSPI
205,23,012320,경동인베스트,KOSPI
206,17,000050,경방,KOSPI
207,7,214390,경보제약,KOSPI
208,6,012610,경인양행,KOSPI
209,11,009140,경인전자,KOSPI
210,16,013580,계룡건설,KOSPI
211,10,012200,계양전기,KOSPI
212,10,012205,계양전기우,KOSPI
213,3,002140,고려산업,KOSPI
214,9,010130,고려아연,KOSPI
215,9,002240,고려제강,KOSPI
216,7,009290,광동제약,KOSPI
217,11,017040,광명전기,KOSPI
218,11,017900,광전자,KOSPI
219,17,037710,광주신세계,KOSPI
220,21,030610,교보증권,KOSPI
221,17,339770,교촌에프앤비,KOSPI
222,6,007690,국도화학,KOSPI
223,18,001140,국보,KOSPI
224,7,002720,국제약품,KOSPI
225,6,083420,그린케미칼,KOSPI
226,6,014530,극동유화,KOSPI
227,9,014280,금강공업,KOSPI
228,9,014285,금강공업우,KOSPI
229,8,008870,금비,KOSPI
230,6,001570,금양,KOSPI
231,16,002990,금호건설,KOSPI
232,16,002995,금호건설우,KOSPI
233,6,011780,금호석유화학,KOSPI
234,6,011785,금호석유화학우,KOSPI
235,13,214330,금호에이치티,KOSPI
236,11,001210,금호전기,KOSPI
237,6,073240,금호타이어,KOSPI
238,10,092440,기신정기,KOSPI
239,13,000270,기아,KOSPI
240,20,024110,기업은행,KOSPI
241,16,013700,까뮤이앤씨,KOSPI
242,5,004540,깨끗한나라,KOSPI
243,5,004545,깨끗한나라우,KOSPI
244,16,001260,남광토건,KOSPI
245,9,008350,남선알미늄,KOSPI
246,9,008355,남선알미우,KOSPI
247,17,004270,남성,KOSPI
248,3,003920,남양유업,KOSPI
249,3,003925,남양유업우,KOSPI
250,6,025860,남해화학,KOSPI
251,6,005720,넥센,KOSPI
252,6,005725,넥센우,KOSPI
253,6,002350,넥센타이어,KOSPI
254,6,002355,넥센타이어1우B,KOSPI
255,9,092790,넥스틸,KOSPI
256,26,251270,넷마블,KOSPI
257,6,090350,노루페인트,KOSPI
258,6,090355,노루페인트우,KOSPI
259,23,000320,노루홀딩스,KOSPI
260,23,000325,노루홀딩스우,KOSPI
261,7,006280,녹십자,KOSPI
262,25,005250,녹십자홀딩스,KOSPI
263,25,005257,녹십자홀딩스2우,KOSPI
264,3,004370,농심,KOSPI
265,23,072710,농심홀딩스,KOSPI
266,9,058730,다스코,KOSPI
267,21,030210,다올투자증권,KOSPI
268,26,023590,다우기술,KOSPI
269,10,145210,다이나믹디자인,KOSPI
270,6,483650,달바글로벌,KOSPI
271,25,019680,대교,KOSPI
272,25,019685,대교우B,KOSPI
273,17,006370,대구백화점,KOSPI
274,23,008060,대덕,KOSPI
275,23,00806K,대덕1우,KOSPI
276,11,353200,대덕전자,KOSPI
277,11,35320K,대덕전자1우,KOSPI
278,10,000490,대동,KOSPI
279,11,008110,대동전자,KOSPI
280,8,005750,대림바스,KOSPI
281,9,006570,대림통상,KOSPI
282,3,001680,대상,KOSPI
283,3,001685,대상우,KOSPI
284,23,084690,대상홀딩스,KOSPI
285,23,084695,대상홀딩스우,KOSPI
286,17,128820,대성산업,KOSPI
287,15,117580,대성에너지,KOSPI
288,25,016710,대성홀딩스,KOSPI
289,23,0030R0,대신밸류리츠,KOSPI
290,21,003540,대신증권,KOSPI
291,21,003547,대신증권2우B,KOSPI
292,21,003545,대신증권우,KOSPI
293,9,009190,대양금속,KOSPI
294,5,014160,대영포장,KOSPI
295,16,047040,대우건설,KOSPI
296,7,003090,대웅,KOSPI
297,7,069620,대웅제약,KOSPI
298,13,000430,대원강업,KOSPI
299,11,006340,대원전선,KOSPI
300,11,006345,대원전선우,KOSPI
301,7,003220,대원제약,KOSPI
302,6,024890,대원화성,KOSPI
303,13,002880,대유에이텍,KOSPI
304,9,012800,대창,KOSPI
305,13,015230,대창단조,KOSPI
306,4,001070,대한방직,KOSPI
307,6,006650,대한유화,KOSPI
308,11,001440,대한전선,KOSPI
309,9,084010,대한제강,KOSPI
310,3,001790,대한제당,KOSPI
311,3,001795,대한제당우,KOSPI
312,3,001130,대한제분,KOSPI
313,13,439260,대한조선,KOSPI
314,18,003490,대한항공,KOSPI
315,18,003495,대한항공우,KOSPI
316,18,005880,대한해운,KOSPI
317,6,003830,대한화섬,KOSPI
318,4,016090,대현,KOSPI
319,9,069460,대호에이엘,KOSPI
320,17,475560,더본코리아,KOSPI
321,26,192080,더블유게임즈,KOSPI
322,26,012510,더존비즈온,KOSPI
323,6,004830,덕성,KOSPI
324,6,004835,덕성우,KOSPI
325,12,145720,덴티움,KOSPI
326,25,002150,도화엔지니어링,KOSPI
327,9,460850,동국씨엠,KOSPI
328,9,460860,동국제강,KOSPI
329,23,001230,동국홀딩스,KOSPI
330,6,023450,동남합성,KOSPI
331,18,004140,동방,KOSPI
332,6,007590,동방아그로,KOSPI
333,16,005960,동부건설,KOSPI
334,16,005965,동부건설우,KOSPI
335,17,026960,동서,KOSPI
336,7,002210,동성제약,KOSPI
337,6,102260,동성케미컬,KOSPI
338,23,000640,동아쏘시오홀딩스,KOSPI
339,7,170900,동아에스티,KOSPI
340,16,028100,동아지질,KOSPI
341,8,001520,동양,KOSPI
342,8,001527,동양2우B,KOSPI
343,18,084670,동양고속,KOSPI
344,22,082640,동양생명,KOSPI
345,8,001525,동양우,KOSPI
346,13,018500,동원금속,KOSPI
347,23,006040,동원산업,KOSPI
348,2,030720,동원수산,KOSPI
349,6,014820,동원시스템즈,KOSPI
350,6,014825,동원시스템즈우,KOSPI
351,4,111380,동인기연,KOSPI
352,6,163560,동일고무벨트,KOSPI
353,9,004890,동일산업,KOSPI
354,9,002690,동일제강,KOSPI
355,7,000020,동화약품,KOSPI
356,23,000150,두산,KOSPI
357,23,000157,두산2우B,KOSPI
358,10,454910,두산로보틱스,KOSPI
359,10,241560,두산밥캣,KOSPI
360,10,034020,두산에너빌리티,KOSPI
361,23,000155,두산우,KOSPI
362,11,336260,두산퓨얼셀,KOSPI
363,11,33626K,두산퓨얼셀1우,KOSPI
364,11,33626L,두산퓨얼셀2우B,KOSPI
365,13,016740,두올,KOSPI
366,11,192650,드림텍,KOSPI
367,9,024090,디씨엠,KOSPI
368,12,003160,디아이,KOSPI
369,13,092200,디아이씨,KOSPI
370,24,377190,디앤디플랫폼리츠,KOSPI
371,23,013570,디와이,KOSPI
372,13,024900,디와이덕양,KOSPI
373,10,210540,디와이파워,KOSPI
374,25,032350,롯데관광개발,KOSPI
375,25,089860,롯데렌탈,KOSPI
376,24,330590,롯데리츠,KOSPI
377,22,000400,롯데손해보험,KOSPI
378,17,023530,롯데쇼핑,KOSPI
379,11,020150,롯데에너지머티리얼즈,KOSPI
380,3,280360,롯데웰푸드,KOSPI
381,26,286940,롯데이노베이트,KOSPI
382,6,004000,롯데정밀화학,KOSPI
383,23,004990,롯데지주,KOSPI
384,23,00499K,롯데지주우,KOSPI
385,3,005300,롯데칠성,KOSPI
386,3,005305,롯데칠성우,KOSPI
387,6,011170,롯데케미칼,KOSPI
388,17,071840,롯데하이마트,KOSPI
389,3,027740,마니커,KOSPI
390,24,357430,마스턴프리미어리츠,KOSPI
391,9,001080,만호제강,KOSPI
392,23,088980,맥쿼리인프라,KOSPI
393,23,094800,맵스리얼티,KOSPI
394,23,138040,메리츠금융지주,KOSPI
395,4,090370,메타랩스,KOSPI
396,17,118000,메타케어,KOSPI
397,7,017180,명문제약,KOSPI
398,13,009900,명신산업,KOSPI
399,7,317450,명인제약,KOSPI
400,5,012690,모나리자,KOSPI
401,17,005360,모나미,KOSPI
402,25,070960,모나용평,KOSPI
403,13,009680,모토닉,KOSPI
404,5,009580,무림P&P,KOSPI
405,5,009200,무림페이퍼,KOSPI
406,3,033920,무학,KOSPI
407,9,008420,문배철강,KOSPI
408,12,025560,미래산업,KOSPI
409,26,007120,미래아이앤지,KOSPI
410,24,396690,미래에셋글로벌리츠,KOSPI
411,24,357250,미래에셋맵스리츠,KOSPI
412,22,085620,미래에셋생명,KOSPI
413,21,006800,미래에셋증권,KOSPI
414,21,00680K,미래에셋증권2우B,KOSPI
415,21,006805,미래에셋증권우,KOSPI
416,17,081660,미스토홀딩스,KOSPI
417,6,002840,미원상사,KOSPI
418,6,268280,미원에스씨,KOSPI
419,23,107590,미원홀딩스,KOSPI
420,6,134380,미원화학,KOSPI
421,6,003650,미창석유,KOSPI
422,7,377740,바이오노트,KOSPI
423,4,003610,방림,KOSPI
424,6,035150,백산,KOSPI
425,16,002410,범양건영,KOSPI
426,8,007210,벽산,KOSPI
427,6,002760,보락,KOSPI
428,7,003850,보령,KOSPI
429,3,000890,보해양조,KOSPI
430,7,003000,부광약품,KOSPI
431,21,001270,부국증권,KOSPI
432,21,001275,부국증권우,KOSPI
433,9,026940,부국철강,KOSPI
434,8,011390,부산산업,KOSPI
435,13,005030,부산주공,KOSPI
436,5,006740,블루산업개발,KOSPI
437,4,002070,비비안,KOSPI
438,27,100220,비상교육,KOSPI
439,11,090460,비에이치,KOSPI
440,3,005180,빙그레,KOSPI
441,3,003960,사조대림,KOSPI
442,3,008040,사조동아원,KOSPI
443,3,007160,사조산업,KOSPI
444,3,014710,사조씨푸드,KOSPI
445,3,006090,사조오양,KOSPI
446,11,062040,산일전기,KOSPI
447,16,001470,삼부토건,KOSPI
448,25,028050,삼성E&A,KOSPI
449,24,448730,삼성FN리츠,KOSPI
450,11,006400,삼성SDI,KOSPI
451,11,006405,삼성SDI우,KOSPI
452,13,006660,삼성공조,KOSPI
453,17,028260,삼성물산,KOSPI
454,17,02826K,삼성물산우B,KOSPI
455,7,207940,삼성바이오로직스,KOSPI
456,22,032830,삼성생명,KOSPI
457,26,018260,삼성에스디에스,KOSPI
458,23,0126Z0,삼성에피스홀딩스,KOSPI
459,11,009150,삼성전기,KOSPI
460,11,009155,삼성전기우,KOSPI
461,11,005930,삼성전자,KOSPI
462,11,005935,삼성전자우,KOSPI
463,7,001360,삼성제약,KOSPI
464,13,010140,삼성중공업,KOSPI
465,21,016360,삼성증권,KOSPI
466,27,068290,삼성출판사,KOSPI
467,23,029780,삼성카드,KOSPI
468,22,000810,삼성화재,KOSPI
469,22,000815,삼성화재우,KOSPI
470,9,006110,삼아알미늄,KOSPI
471,7,0120G0,삼양바이오팜,KOSPI
472,3,145990,삼양사,KOSPI
473,3,145995,삼양사우,KOSPI
474,3,003230,삼양식품,KOSPI
475,4,002170,삼양통상,KOSPI
476,6,272550,삼양패키징,KOSPI
477,23,000070,삼양홀딩스,KOSPI
478,6,003720,삼영,KOSPI
479,17,002810,삼영무역,KOSPI
480,11,005680,삼영전자,KOSPI
481,13,023000,삼원강재,KOSPI
482,10,004380,삼익THK,KOSPI
483,14,002450,삼익악기,KOSPI
484,8,004440,삼일씨엔에스,KOSPI
485,7,000520,삼일제약,KOSPI
486,5,009770,삼정펄프,KOSPI
487,7,005500,삼진제약,KOSPI
488,15,004690,삼천리,KOSPI
489,16,010960,삼호개발,KOSPI
490,9,004450,삼화왕관,KOSPI
491,11,009470,삼화전기,KOSPI
492,11,011230,삼화전자,KOSPI
493,11,001820,삼화콘덴서,KOSPI
494,6,000390,삼화페인트,KOSPI
495,21,001290,상상인증권,KOSPI
496,13,041650,상신브레이크,KOSPI
497,13,075180,새론오토모티브,KOSPI
498,23,007540,샘표,KOSPI
499,3,248170,샘표식품,KOSPI
500,23,007860,서연,KOSPI
501,13,200880,서연이화,KOSPI
502,15,017390,서울가스,KOSPI
503,22,031210,서울보증보험,KOSPI
504,3,004410,서울식품,KOSPI
505,3,004415,서울식품우,KOSPI
506,9,021050,서원,KOSPI
507,6,008490,서흥,KOSPI
508,11,007610,선도전기,KOSPI
509,3,136490,선진,KOSPI
510,11,014910,성문전자,KOSPI
511,11,014915,성문전자우,KOSPI
512,8,004980,성신양회,KOSPI
513,8,004985,성신양회우,KOSPI
514,4,011300,성안머티리얼스,KOSPI
515,25,000180,성창기업지주,KOSPI
516,17,002420,세기상사,KOSPI
517,18,004360,세방,KOSPI
518,18,004365,세방우,KOSPI
519,11,004490,세방전지,KOSPI
520,9,001430,세아베스틸지주,KOSPI
521,9,306200,세아제강,KOSPI
522,23,003030,세아제강지주,KOSPI
523,9,019440,세아특수강,KOSPI
524,9,058650,세아홀딩스,KOSPI
525,17,013000,세우글로벌,KOSPI
526,13,021820,세원정공,KOSPI
527,17,067830,세이브존I&C,KOSPI
528,13,075580,세진중공업,KOSPI
529,7,068270,셀트리온,KOSPI
530,11,336370,솔루스첨단소재,KOSPI
531,11,33637K,솔루스첨단소재1우,KOSPI
532,11,33637L,솔루스첨단소재2우B,KOSPI
533,11,248070,솔루엠,KOSPI
534,6,004430,송원산업,KOSPI
535,10,017550,수산세보틱스,KOSPI
536,16,126720,수산인더스트리,KOSPI
537,27,053210,스카이라이프,KOSPI
538,24,204210,스타에스엠리츠,KOSPI
539,23,026890,스틱인베스트먼트,KOSPI
540,14,134790,시디즈,KOSPI
541,26,462870,시프트업,KOSPI
542,5,016590,신대양제지,KOSPI
543,11,029530,신도리코,KOSPI
544,2,004970,신라교역,KOSPI
545,11,011930,신성이엔지,KOSPI
546,17,004170,신세계,KOSPI
547,26,035510,"신세계 I&C",KOSPI
548,17,031430,신세계인터내셔날,KOSPI
549,25,031440,신세계푸드,KOSPI
550,17,006880,신송홀딩스,KOSPI
551,4,005800,신영와코루,KOSPI
552,21,001720,신영증권,KOSPI
553,4,009270,신원,KOSPI
554,17,002700,신일전자,KOSPI
555,17,002870,신풍,KOSPI
556,7,019170,신풍제약,KOSPI
557,7,019175,신풍제약우,KOSPI
558,23,481850,신한글로벌액티브리츠,KOSPI
559,24,404990,신한서부티엔디리츠,KOSPI
560,24,293940,신한알파리츠,KOSPI
561,23,055550,신한지주,KOSPI
562,17,004080,신흥,KOSPI
563,11,004770,써니전자,KOSPI
564,25,403550,쏘카,KOSPI
565,11,004920,씨아이테크,KOSPI
566,9,112610,씨에스윈드,KOSPI
567,16,480370,씨케이솔루션,KOSPI
568,13,308170,씨티알모빌리티,KOSPI
569,11,008700,아남전자,KOSPI
570,6,090430,아모레퍼시픽,KOSPI
571,6,090435,아모레퍼시픽우,KOSPI
572,6,002790,아모레퍼시픽홀딩스,KOSPI
573,6,00279K,아모레퍼시픽홀딩스3우C,KOSPI
574,6,002795,아모레퍼시픽홀딩스우,KOSPI
575,25,002030,아세아,KOSPI
576,8,183190,아세아시멘트,KOSPI
577,5,002310,아세아제지,KOSPI
578,27,012170,아센디오,KOSPI
579,26,267850,아시아나IDT,KOSPI
580,18,020560,아시아나항공,KOSPI
581,17,122900,아이마켓코리아,KOSPI
582,8,010780,아이에스동서,KOSPI
583,26,031820,아이티센씨티에스,KOSPI
584,9,139990,아주스틸,KOSPI
585,13,009320,아진전자부품,KOSPI
586,9,001780,알루코,KOSPI
587,6,018250,애경산업,KOSPI
588,6,161000,애경케미칼,KOSPI
589,14,011090,에넥스,KOSPI
590,12,137310,에스디바이오센서,KOSPI
591,13,005850,에스엘,KOSPI
592,13,010580,에스엠벡셀,KOSPI
593,25,012750,에스원,KOSPI
594,16,023960,에쓰씨엔지니어링,KOSPI
595,18,298690,에어부산,KOSPI
596,24,140910,에이리츠,KOSPI
597,6,078520,에이블씨엔씨,KOSPI
598,11,015260,에이엔피,KOSPI
599,9,007460,에이프로젠,KOSPI
600,7,003060,에이프로젠바이오로직스,KOSPI
601,23,244920,에이플러스에셋,KOSPI
602,6,278470,에이피알,KOSPI
603,11,450080,에코프로머티,KOSPI
604,11,019490,엑시큐어하이트론,KOSPI
605,26,036570,엔씨소프트,KOSPI
606,9,085310,엔케이,KOSPI
607,17,900140,엘브이엠씨홀딩스,KOSPI
608,11,066970,엘앤에프,KOSPI
609,11,097520,엠씨넥스,KOSPI
610,10,484870,엠앤씨솔루션,KOSPI
611,6,014440,영보화학,KOSPI
612,17,111770,영원무역,KOSPI
613,23,009970,영원무역홀딩스,KOSPI
614,7,003520,영진약품,KOSPI
615,9,000670,영풍,KOSPI
616,13,012280,영화금속,KOSPI
617,9,012160,영흥,KOSPI
618,3,007310,오뚜기,KOSPI
619,7,002630,오리엔트바이오,KOSPI
620,3,271560,오리온,KOSPI
621,23,001800,오리온홀딩스,KOSPI
622,17,005320,온타이드,KOSPI
623,11,011690,와이투솔루션,KOSPI
624,23,316140,우리금융지주,KOSPI
625,3,006980,우성,KOSPI
626,10,017370,우신시스템,KOSPI
627,12,105840,우진,KOSPI
628,16,010400,우진아이엔에스,KOSPI
629,10,049800,우진플라임,KOSPI
630,25,016880,웅진,KOSPI
631,25,095720,웅진씽크빅,KOSPI
632,4,005820,원림,KOSPI
633,17,010600,웰바이오텍,KOSPI
634,17,008600,윌비스,KOSPI
635,7,033270,유나이티드제약,KOSPI
636,6,014830,유니드,KOSPI
637,5,446070,유니드비티플러스,KOSPI
638,8,000910,유니온,KOSPI
639,8,047400,유니온머티리얼,KOSPI
640,4,011330,유니켐,KOSPI
641,17,077500,유니퀘스트,KOSPI
642,13,002920,유성기업,KOSPI
643,25,000700,유수홀딩스,KOSPI
644,21,003470,유안타증권,KOSPI
645,21,003475,유안타증권우,KOSPI
646,26,072130,유엔젤,KOSPI
647,7,000220,유유제약,KOSPI
648,7,000225,유유제약1우,KOSPI
649,7,000227,유유제약2우B,KOSPI
650,21,001200,유진투자증권,KOSPI
651,7,000100,유한양행,KOSPI
652,7,000105,유한양행우,KOSPI
653,21,003460,유화증권,KOSPI
654,21,003465,유화증권우,KOSPI
655,6,008730,율촌화학,KOSPI
656,5,008250,이건산업,KOSPI
657,9,025820,이구산업,KOSPI
658,25,214320,이노션,KOSPI
659,24,088260,이리츠코크렙,KOSPI
660,17,139480,이마트,KOSPI
661,6,457190,이수스페셜티케미컬,KOSPI
662,11,007660,이수페타시스,KOSPI
663,6,005950,이수화학,KOSPI
664,24,015020,이스타코,KOSPI
665,10,074610,이엔플러스,KOSPI
666,7,102460,이연제약,KOSPI
667,14,084680,이월드,KOSPI
668,24,350520,이지스레지던스리츠,KOSPI
669,24,334890,이지스밸류플러스리츠,KOSPI
670,17,000760,이화산업,KOSPI
671,4,014990,인디에프,KOSPI
672,17,101140,인바이오젠,KOSPI
673,19,006490,인스코비,KOSPI
674,13,023800,인지컨트롤스,KOSPI
675,15,034590,인천도시가스,KOSPI
676,18,129260,인터지스,KOSPI
677,13,023810,인팩,KOSPI
678,7,249420,일동제약,KOSPI
679,7,000230,일동홀딩스,KOSPI
680,16,013360,일성건설,KOSPI
681,7,003120,일성아이에스,KOSPI
682,4,003200,일신방직,KOSPI
683,17,007110,일신석재,KOSPI
684,7,007570,일양약품,KOSPI
685,7,007575,일양약품우,KOSPI
686,4,008500,일정실업,KOSPI
687,6,081000,일진다이아,KOSPI
688,11,020760,일진디스플,KOSPI
689,11,103590,일진전기,KOSPI
690,13,271940,일진하이솔루스,KOSPI
691,23,015860,일진홀딩스,KOSPI
692,6,226320,잇츠한불,KOSPI
693,24,317400,자이에스앤디,KOSPI
694,11,033240,자화전자,KOSPI
695,4,000950,전방,KOSPI
696,10,079900,전진건설로봇,KOSPI
697,24,348950,제이알글로벌리츠,KOSPI
698,4,194370,제이에스코퍼레이션,KOSPI
699,25,030000,제일기획,KOSPI
700,7,271980,제일약품,KOSPI
701,8,001560,제일연마,KOSPI
702,25,002620,제일파마홀딩스,KOSPI
703,20,006220,제주은행,KOSPI
704,18,089590,제주항공,KOSPI
705,6,004910,조광페인트,KOSPI
706,4,004700,조광피혁,KOSPI
707,6,001550,조비,KOSPI
708,8,462520,조선내화,KOSPI
709,9,120030,조선선재,KOSPI
710,9,018470,조일알미늄,KOSPI
711,3,002600,조흥,KOSPI
712,7,185750,종근당,KOSPI
713,7,063160,종근당바이오,KOSPI
714,7,001630,종근당홀딩스,KOSPI
715,11,109070,주성코퍼레이션,KOSPI
716,11,044380,주연테크,KOSPI
717,14,013890,지누스,KOSPI
718,13,013870,지엠비코리아,KOSPI
719,15,071320,지역난방공사,KOSPI
720,17,088790,진도,KOSPI
721,6,003780,진양산업,KOSPI
722,6,010640,진양폴리,KOSPI
723,6,100250,진양홀딩스,KOSPI
724,6,051630,진양화학,KOSPI
725,18,272450,진에어,KOSPI
726,7,011000,진원생명과학,KOSPI
727,16,002780,진흥기업,KOSPI
728,16,002787,진흥기업2우B,KOSPI
729,16,002785,진흥기업우B,KOSPI
730,6,025620,차AI헬스케어,KOSPI
731,10,009310,참엔지니어링,KOSPI
732,18,000650,천일고속,KOSPI
733,13,033250,체시스,KOSPI
734,26,035720,카카오,KOSPI
735,20,323410,카카오뱅크,KOSPI
736,23,377300,카카오페이,KOSPI
737,6,006380,카프로,KOSPI
738,13,001620,케이비아이동국실업,KOSPI
739,12,029460,케이씨,KOSPI
740,12,281820,케이씨텍,KOSPI
741,17,381970,케이카,KOSPI
742,24,145270,케이탑리츠,KOSPI
743,24,417310,코람코더원리츠,KOSPI
744,24,357120,코람코라이프인프라리츠,KOSPI
745,11,007815,코리아써우,KOSPI
746,11,007810,코리아써키트,KOSPI
747,11,00781K,코리아써키트2우B,KOSPI
748,22,003690,코리안리,KOSPI
749,6,192820,코스맥스,KOSPI
750,23,044820,코스맥스비티아이,KOSPI
751,6,005070,코스모신소재,KOSPI
752,6,005420,코스모화학,KOSPI
753,14,071950,코아스,KOSPI
754,23,002020,코오롱,KOSPI
755,6,138490,코오롱ENP,KOSPI
756,16,003070,코오롱글로벌,KOSPI
757,16,003075,코오롱글로벌우,KOSPI
758,17,450140,코오롱모빌리티그룹,KOSPI
759,17,45014K,코오롱모빌리티그룹우,KOSPI
760,23,002025,코오롱우,KOSPI
761,6,120110,코오롱인더,KOSPI
762,6,120115,코오롱인더우,KOSPI
763,25,021240,코웨이,KOSPI
764,27,036420,콘텐트리중앙,KOSPI
765,23,024720,콜마홀딩스,KOSPI
766,23,192400,쿠쿠홀딩스,KOSPI
767,25,284740,쿠쿠홈시스,KOSPI
768,3,264900,크라운제과,KOSPI
769,3,26490K,크라운제과우,KOSPI
770,23,005740,크라운해태홀딩스,KOSPI
771,23,005745,크라운해태홀딩스우,KOSPI
772,26,259960,크래프톤,KOSPI
773,26,020120,키다리스튜디오,KOSPI
774,21,039490,키움증권,KOSPI
775,8,014580,태경비케이,KOSPI
776,6,015890,태경산업,KOSPI
777,6,006890,태경케미컬,KOSPI
778,6,003240,태광산업,KOSPI
779,5,011280,태림포장,KOSPI
780,13,004100,태양금속,KOSPI
781,13,004105,태양금속우,KOSPI
782,16,009410,태영건설,KOSPI
783,16,009415,태영건설우,KOSPI
784,13,001420,태원물산,KOSPI
785,6,055490,테이팩스,KOSPI
786,26,078000,텔코웨어,KOSPI
787,6,214420,토니모리,KOSPI
788,11,019180,티에이치엔,KOSPI
789,11,217590,티엠씨,KOSPI
790,23,363280,티와이홀딩스,KOSPI
791,23,36328K,티와이홀딩스우,KOSPI
792,18,091810,티웨이항공,KOSPI
793,8,004870,티웨이홀딩스,KOSPI
794,27,034230,파라다이스,KOSPI
795,7,005690,파미셀,KOSPI
796,3,036580,팜스코,KOSPI
797,7,004720,팜젠사이언스,KOSPI
798,18,028670,팬오션,KOSPI
799,9,010820,퍼스텍,KOSPI
800,14,016800,퍼시스,KOSPI
801,5,001020,페이퍼코리아,KOSPI
802,13,090080,평화산업,KOSPI
803,13,010770,평화홀딩스,KOSPI
804,25,022100,포스코DX,KOSPI
805,9,058430,포스코스틸리온,KOSPI
806,17,047050,포스코인터내셔널,KOSPI
807,11,003670,포스코퓨처엠,KOSPI
808,3,017810,풀무원,KOSPI
809,9,103140,풍산,KOSPI
810,23,005810,풍산홀딩스,KOSPI
811,25,950210,프레스티지바이오파마,KOSPI
812,17,009810,플레이그램,KOSPI
813,23,086790,하나금융지주,KOSPI
814,7,293480,하나제약,KOSPI
815,25,039130,하나투어,KOSPI
816,27,352820,하이브,KOSPI
817,9,071090,하이스틸,KOSPI
818,3,000080,하이트진로,KOSPI
819,3,000087,하이트진로2우B,KOSPI
820,23,000140,하이트진로홀딩스,KOSPI
821,23,000145,하이트진로홀딩스우,KOSPI
822,23,152550,한국ANKOR유전,KOSPI
823,15,036460,한국가스공사,KOSPI
824,18,005430,한국공항,KOSPI
825,23,071050,한국금융지주,KOSPI
826,23,071055,한국금융지주우,KOSPI
827,8,010040,한국내화,KOSPI
828,11,025540,한국단자,KOSPI
829,13,010100,한국무브넥스,KOSPI
830,8,004090,한국석유,KOSPI
831,5,002200,한국수출포장,KOSPI
832,6,002960,한국쉘석유,KOSPI
833,23,000240,한국앤컴퍼니,KOSPI
834,23,123890,한국자산신탁,KOSPI
835,15,015760,한국전력,KOSPI
836,23,006200,한국전자홀딩스,KOSPI
837,5,027970,한국제지,KOSPI
838,25,023350,한국종합기술,KOSPI
839,10,025890,한국주강,KOSPI
840,9,000970,한국주철관,KOSPI
841,9,104700,한국철강,KOSPI
842,9,017960,한국카본,KOSPI
843,6,161890,한국콜마,KOSPI
844,6,161390,한국타이어앤테크놀로지,KOSPI
845,23,034830,한국토지신탁,KOSPI
846,9,007280,한국특강,KOSPI
847,13,047810,한국항공우주,KOSPI
848,17,123690,한국화장품,KOSPI
849,6,003350,한국화장품제조,KOSPI
850,6,011500,한농화성,KOSPI
851,7,002390,한독,KOSPI
852,25,053690,한미글로벌,KOSPI
853,10,042700,한미반도체,KOSPI
854,23,008930,한미사이언스,KOSPI
855,7,128940,한미약품,KOSPI
856,17,009240,한샘,KOSPI
857,4,020000,한섬,KOSPI
858,3,003680,한성기업,KOSPI
859,4,105630,한세실업,KOSPI
860,17,069640,한세엠케이,KOSPI
861,4,016450,한세예스24홀딩스,KOSPI
862,18,009180,한솔로지스틱스,KOSPI
863,5,213500,한솔제지,KOSPI
864,6,014680,한솔케미칼,KOSPI
865,11,004710,한솔테크닉스,KOSPI
866,23,004150,한솔홀딩스,KOSPI
867,5,025750,한솔홈데코,KOSPI
868,16,004960,한신공영,KOSPI
869,10,011700,한신기계,KOSPI
870,21,001750,한양증권,KOSPI
871,21,001755,한양증권우,KOSPI
872,10,018880,한온시스템,KOSPI
873,7,009420,한올바이오파마,KOSPI
874,18,014130,한익스프레스,KOSPI
875,8,300720,한일시멘트,KOSPI
876,9,002220,한일철강,KOSPI
877,8,003300,한일홀딩스,KOSPI
878,16,051600,한전KPS,KOSPI
879,25,052690,한전기술,KOSPI
880,25,130660,한전산업,KOSPI
881,18,002320,한진,KOSPI
882,15,003480,한진중공업홀딩스,KOSPI
883,23,180640,한진칼,KOSPI
884,23,18064K,한진칼우,KOSPI
885,17,005110,한창,KOSPI
886,5,009460,한창제지,KOSPI
887,12,372910,한컴라이프케어,KOSPI
888,6,000880,한화,KOSPI
889,6,00088K,한화3우B,KOSPI
890,17,452260,한화갤러리아,KOSPI
891,17,45226K,한화갤러리아우,KOSPI
892,24,451800,한화리츠,KOSPI
893,11,489790,한화비전,KOSPI
894,22,088350,한화생명,KOSPI
895,22,000370,한화손해보험,KOSPI
896,6,009830,한화솔루션,KOSPI
897,6,009835,한화솔루션우,KOSPI
898,11,272210,한화시스템,KOSPI
899,13,012450,한화에어로스페이스,KOSPI
900,10,082740,한화엔진,KOSPI
901,13,042660,한화오션,KOSPI
902,21,003530,한화투자증권,KOSPI
903,21,003535,한화투자증권우,KOSPI
904,11,195870,해성디에스,KOSPI
905,3,101530,해태제과식품,KOSPI
906,13,143210,핸즈코퍼레이션,KOSPI
907,16,000720,현대건설,KOSPI
908,16,000725,현대건설우,KOSPI
909,17,453340,현대그린푸드,KOSPI
910,18,086280,현대글로비스,KOSPI
911,13,064350,현대로템,KOSPI
912,14,079430,현대리바트,KOSPI
913,13,012330,현대모비스,KOSPI
914,17,069960,현대백화점,KOSPI
915,9,004560,현대비앤지스틸,KOSPI
916,7,004310,현대약품,KOSPI
917,10,017800,현대엘리베이터,KOSPI
918,26,307950,현대오토에버,KOSPI
919,13,011210,현대위아,KOSPI
920,9,004020,현대제철,KOSPI
921,23,005440,현대지에프홀딩스,KOSPI
922,13,005380,현대차,KOSPI
923,13,005387,현대차2우B,KOSPI
924,13,005389,현대차3우B,KOSPI
925,13,005385,현대차우,KOSPI
926,21,001500,현대차증권,KOSPI
927,17,011760,현대코퍼레이션,KOSPI
928,17,227840,현대코퍼레이션홀딩스,KOSPI
929,19,126560,현대퓨처넷,KOSPI
930,22,001450,현대해상,KOSPI
931,17,057050,현대홈쇼핑,KOSPI
932,4,093240,형지엘리트,KOSPI
933,17,003010,혜인,KOSPI
934,4,111110,호전실업,KOSPI
935,17,008770,호텔신라,KOSPI
936,17,008775,호텔신라우,KOSPI
937,13,378850,화승알앤에이,KOSPI
938,4,241590,화승엔터프라이즈,KOSPI
939,17,006060,화승인더,KOSPI
940,13,013520,화승코퍼레이션,KOSPI
941,13,010690,화신,KOSPI
942,9,133820,화인베스틸,KOSPI
943,10,010660,화천기계,KOSPI
944,10,000850,화천기공,KOSPI
945,7,016580,환인제약,KOSPI
946,9,032560,황금에스티,KOSPI
947,23,004800,효성,KOSPI
948,25,094280,효성ITX,KOSPI
949,11,298040,효성중공업,KOSPI
950,6,298020,효성티앤씨,KOSPI
951,6,298000,효성화학,KOSPI
952,6,093370,후성,KOSPI
953,11,005870,휴니드,KOSPI
954,6,079980,휴비스,KOSPI
955,9,005010,휴스틸,KOSPI
956,22,000540,흥국화재,KOSPI
957,22,000545,흥국화재우,KOSPI
958,18,003280,흥아해운,KOSPI
959,12,060310,3S,KOSDAQ
960,31,054620,APS,KOSDAQ
961,10,265520,AP시스템,KOSDAQ
962,11,211270,AP위성,KOSDAQ
963,26,139050,BF랩스,KOSDAQ
964,6,126600,BGF에코머티리얼즈,KOSDAQ
965,25,083790,CG인바이츠,KOSDAQ
966,27,035760,"CJ ENM",KOSDAQ
967,25,311690,"CJ 바이오사이언스",KOSDAQ
968,17,051500,CJ프레시웨이,KOSDAQ
969,7,058820,CMG제약,KOSDAQ
970,16,056730,CNT85,KOSDAQ
971,11,065770,CS,KOSDAQ
972,6,083660,"CSA 코스믹",KOSDAQ
973,31,477760,DB금융스팩12호,KOSDAQ
974,11,099520,DGI,KOSDAQ
975,13,290120,DH오토리드,KOSDAQ
976,11,025440,DH오토웨어,KOSDAQ
977,10,068790,DMS,KOSDAQ
978,31,241520,DSC인베스트먼트,KOSDAQ
979,25,180400,DXVX,KOSDAQ
980,26,418620,E8,KOSDAQ
981,25,245620,EDGC,KOSDAQ
982,6,037370,EG,KOSDAQ
983,17,050120,ES큐브,KOSDAQ
984,26,214270,FSN,KOSDAQ
985,4,130500,GH신소재,KOSDAQ
986,31,900290,GRT,KOSDAQ
987,10,083450,GST,KOSDAQ
988,10,297890,HB솔루션,KOSDAQ
989,31,440290,HB인베스트먼트,KOSDAQ
990,10,078150,HB테크놀러지,KOSDAQ
991,8,225530,HC보광산업,KOSDAQ
992,17,060560,HC홈센타,KOSDAQ
993,7,195940,HK이노엔,KOSDAQ
994,7,028300,HLB,KOSDAQ
995,25,278650,HLB바이오스텝,KOSDAQ
996,7,067630,HLB생명과학,KOSDAQ
997,11,024850,HLB이노베이션,KOSDAQ
998,7,187420,HLB제넥스,KOSDAQ
999,25,047920,HLB제약,KOSDAQ
1000,17,115450,HLB테라퓨틱스,KOSDAQ
