종목코드,종목명,시장구분,업종명,종가,대비,등락률,시가총액
"095570","AJ네트웍스","KOSPI","일반서비스","4670","-5","-0.11","211330384530"
"006840","AK홀딩스","KOSPI","기타금융","8950","-110","-1.21","118565670950"
"027410","BGF","KOSPI","기타금융","4025","-100","-2.42","385260083775"
"282330","BGF리테일","KOSPI","유통","112600","1100","0.99","1946167815600"
"138930","BNK금융지주","KOSPI","기타금융","15320","-80","-0.52","4816993359280"
"001460","BYC","KOSPI","섬유·의류","45700","-750","-1.61","285449055000"
"001465","BYC우","KOSPI","섬유·의류","26200","-500","-1.87","56430870000"
"001040","CJ","KOSPI","기타금융","174200","-2800","-1.58","5082633051600"
"079160","CJ CGV","KOSPI","오락·문화","6050","-70","-1.14","1001768050800"
"00104K","CJ4우(전환)","KOSPI","기타금융","156400","-2300","-1.45","661026476800"
"000120","CJ대한통운","KOSPI","운송·창고","94700","-900","-0.94","2160328976800"
"011150","CJ씨푸드","KOSPI","음식료·담배","2865","110","3.99","102941664645"
"011155","CJ씨푸드1우","KOSPI","음식료·담배","15170","-630","-3.99","3034000000"
"001045","CJ우","KOSPI","기타금융","88400","-1300","-1.45","199803713200"
"097950","CJ제일제당","KOSPI","음식료·담배","208500","0","0.00","3138797781000"
"097955","CJ제일제당 우","KOSPI","음식료·담배","138300","-200","-0.14","183583983900"
"000480","CR홀딩스","KOSPI","비금속","5020","-40","-0.79","235390259800"
"000590","CS홀딩스","KOSPI","기타금융","79400","-1300","-1.61","91665870800"
"012030","DB","KOSPI","IT 서비스","1491","-20","-1.32","299950334103"
"005830","DB손해보험","KOSPI","보험","123700","900","0.73","8757960000000"
"016610","DB증권","KOSPI","증권","10570","-30","-0.28","448658331730"
"000990","DB하이텍","KOSPI","전기·전자","65300","-100","-0.15","2840849596400"
"000300","DH오토넥스","KOSPI","운송장비·부품","1984","0","0.00","164422234240"
"001530","DI동일","KOSPI","유통","20300","-300","-1.46","400504384000"
"015590","DKME","KOSPI","기계·장비","515","0","0.00","122045495160"
"000210","DL","KOSPI","화학","38850","-1250","-3.12","814136093400"
"000215","DL우","KOSPI","화학","24900","-1150","-4.41","41984263500"
"375500","DL이앤씨","KOSPI","건설","41600","-1450","-3.37","1609654716800"
"37550L","DL이앤씨2우(전환)","KOSPI","건설","31100","-950","-2.96","65681676100"
"37550K","DL이앤씨우","KOSPI","건설","22700","-600","-2.58","47985189500"
"007340","DN오토모티브","KOSPI","전기·전자","27750","-300","-1.07","1623676503750"
"004840","DRB동일","KOSPI","화학","4805","-15","-0.31","95763650000"
"155660","DSR","KOSPI","금속","3890","-105","-2.63","62240000000"
"069730","DSR제강","KOSPI","금속","3895","-30","-0.76","56088000000"
"017860","DS단석","KOSPI","화학","19030","-500","-2.56","334627554360"
"092780","DYP","KOSPI","운송장비·부품","3330","-20","-0.60","43850971800"
"017940","E1","KOSPI","유통","86900","-600","-0.69","596134000000"
"365550","ESR켄달스퀘어리츠","KOSPI","부동산","4255","-55","-1.28","1047108695000"
"383220","F&F","KOSPI","섬유·의류","76700","2600","3.51","2938152652500"
"007700","F&F홀딩스","KOSPI","기타금융","21150","-400","-1.86","827268862050"
"114090","GKL","KOSPI","오락·문화","14480","100","0.70","895670101600"
"078930","GS","KOSPI","기타금융","55800","-1000","-1.76","5184678092400"
"006360","GS건설","KOSPI","건설","19520","-260","-1.31","1670550684800"
"001250","GS글로벌","KOSPI","유통","2360","-25","-1.05","194779683040"
"007070","GS리테일","KOSPI","유통","22300","0","0.00","1864445354500"
"078935","GS우","KOSPI","기타금융","47900","-150","-0.31","85493165400"
"499790","GS피앤엘","KOSPI","기타금융","46500","-1150","-2.41","922134106500"
"012630","HDC","KOSPI","기타금융","17800","-800","-4.30","1063402633800"
"039570","HDC랩스","KOSPI","건설","8530","-40","-0.47","221418336530"
"089470","HDC현대EP","KOSPI","화학","4345","-20","-0.46","138605500000"
"294870","HDC현대산업개발","KOSPI","건설","20650","-500","-2.36","1360986364500"
"009540","HD한국조선해양","KOSPI","기타금융","422500","-14500","-3.32","29901641510000"
"267250","HD현대","KOSPI","기타금융","200500","-3000","-1.47","15838113542500"
"267270","HD현대건설기계","KOSPI","기계·장비","105000","-4100","-3.76","1822549365000"
"443060","HD현대마린솔루션","KOSPI","일반서비스","188600","-9400","-4.75","8454789006000"
"071970","HD현대마린엔진","KOSPI","기계·장비","83500","-800","-0.95","2832444832500"
"322000","HD현대에너지솔루션","KOSPI","전기·전자","55700","-2900","-4.95","623840000000"
"042670","HD현대인프라코어","KOSPI","기계·장비","16320","-700","-4.11","3082052204160"
"267260","HD현대일렉트릭","KOSPI","전기·전자","825000","-5000","-0.60","29738886375000"
"329180","HD현대중공업","KOSPI","운송장비·부품","524000","-27000","-4.90","54999681900000"
"097230","HJ중공업","KOSPI","건설","22300","-900","-3.88","2013586171200"
"014790","HL D&I","KOSPI","건설","2695","-70","-2.53","102028929695"
"003580","HLB글로벌","KOSPI","유통","2130","-55","-2.52","107913265650"
"204320","HL만도","KOSPI","운송장비·부품","52200","-200","-0.38","2451161664000"
"060980","HL홀딩스","KOSPI","기타금융","48000","-250","-0.52","442246896000"
"011200","HMM","KOSPI","운송·창고","20800","100","0.48","19619349776000"
"035000","HS애드","KOSPI","일반서비스","9220","-30","-0.32","149434477680"
"002460","HS화성","KOSPI","건설","13700","-170","-1.23","139055000000"
"487570","HS효성","KOSPI","기타금융","63600","-1200","-1.85","236968957200"
"298050","HS효성첨단소재","KOSPI","화학","191000","-3800","-1.95","855670068000"
"003560","IHQ","KOSPI","오락·문화","10760","0","0.00","76220934800"
"015360","INVENI","KOSPI","일반서비스","69800","-400","-0.57","397860000000"
"175330","JB금융지주","KOSPI","기타금융","24450","-150","-0.61","4642678494450"
"234080","JW생명과학","KOSPI","제약","14340","-30","-0.21","227067504360"
"001060","JW중외제약","KOSPI","제약","28000","50","0.18","652006040000"
"001067","JW중외제약2우B","KOSPI","제약","60400","-200","-0.33","12682369200"
"001065","JW중외제약우","KOSPI","제약","29700","100","0.34","10155944700"
"096760","JW홀딩스","KOSPI","기타금융","3770","20","0.53","278697031340"
"008970","KBI동양철관","KOSPI","금속","1862","-66","-3.42","148775488834"
"105560","KB금융","KOSPI","기타금융","123700","-1200","-0.96","47186862141100"
"415640","KB발해인프라","KOSPI","기타금융","9710","-150","-1.52","1189917271080"
"432320","KB스타리츠","KOSPI","부동산","3440","-150","-4.18","348865140400"
"002380","KCC","KOSPI","화학","420500","-11500","-2.66","3736761055500"
"344820","KCC글라스","KOSPI","비금속","27000","-350","-1.28","431203824000"
"009070","KCTC","KOSPI","운송·창고","6280","-360","-5.42","188400000000"
"009440","KC그린홀딩스","KOSPI","기타금융","756","0","0.00","17568790596"
"119650","KC코트렐","KOSPI","기계·장비","918","0","0.00","100782913662"
"092220","KEC","KOSPI","전기·전자","679","-13","-1.88","136318172739"
"003620","KG모빌리티","KOSPI","운송장비·부품","3690","-105","-2.77","746763425280"
"016380","KG스틸","KOSPI","금속","5450","-130","-2.33","545048488650"
"001390","KG케미칼","KOSPI","화학","5660","-120","-2.08","380538949800"
"033180","KH 필룩스","KOSPI","전기·전자","5310","0","0.00","138166306200"
"001940","KISCO홀딩스","KOSPI","금속","26200","-350","-1.32","371421156000"
"025000","KPX케미칼","KOSPI","화학","52900","0","0.00","256036000000"
"092230","KPX홀딩스","KOSPI","화학","76900","-200","-0.26","324875277400"
"000040","KR모터스","KOSPI","운송장비·부품","498","2","0.40","43014841632"
"044450","KSS해운","KOSPI","운송·창고","9590","-10","-0.10","221393589200"
"030200","KT","KOSPI","통신","54200","1400","2.65","13659575327000"
"033780","KT&G","KOSPI","음식료·담배","150000","7000","4.90","17696496750000"
"058850","KTcs","KOSPI","IT 서비스","2880","-35","-1.20","122932800000"
"058860","KTis","KOSPI","IT 서비스","2805","-40","-1.41","97619610000"
"093050","LF","KOSPI","섬유·의류","18780","-470","-2.44","549127200000"
"003550","LG","KOSPI","기타금융","84600","1100","1.32","13047146091000"
"034220","LG디스플레이","KOSPI","전기·전자","12050","-250","-2.03","6025000000000"
"051900","LG생활건강","KOSPI","화학","266000","-1000","-0.37","4070454094000"
"051905","LG생활건강우","KOSPI","화학","114200","-800","-0.70","239785397400"
"064400","LG씨엔에스","KOSPI","IT 서비스","65400","0","0.00","6336340999200"
"373220","LG에너지솔루션","KOSPI","전기·전자","418000","-24500","-5.54","97812000000000"
"003555","LG우","KOSPI","기타금융","69100","500","0.73","208073850900"
"032640","LG유플러스","KOSPI","통신","15230","160","1.06","6546285846650"
"011070","LG이노텍","KOSPI","전기·전자","280000","-7500","-2.61","6626789960000"
"066570","LG전자","KOSPI","전기·전자","93100","-2600","-2.72","15164722629700"
"066575","LG전자우","KOSPI","전기·전자","49950","-1150","-2.25","858440300400"
"037560","LG헬로비전","KOSPI","오락·문화","2380","-30","-1.24","184323538700"
"051910","LG화학","KOSPI","화학","354000","-15000","-4.07","24989689422000"
"051915","LG화학우","KOSPI","화학","180400","-11000","-5.75","1387059520000"
"079550","LIG넥스원","KOSPI","금속","377500","-9500","-2.45","8305000000000"
"006260","LS","KOSPI","기타금융","192800","5800","3.10","6111760000000"
"010120","LS ELECTRIC","KOSPI","전기·전자","479000","-4000","-0.83","14370000000000"
"000680","LS네트웍스","KOSPI","유통","3290","-10","-0.30","259261922640"
"229640","LS에코에너지","KOSPI","기타금융","36000","-3200","-8.16","1102495644000"
"108320","LX세미콘","KOSPI","전기·전자","51000","-1300","-2.49","829479300000"
"001120","LX인터내셔널","KOSPI","유통","34400","400","1.18","1333344000000"
"108670","LX하우시스","KOSPI","화학","29800","-700","-2.30","267236566000"
"108675","LX하우시스우","KOSPI","화학","17130","-90","-0.52","17683812900"
"383800","LX홀딩스","KOSPI","기타금융","8150","-200","-2.40","621687623500"
"38380K","LX홀딩스1우","KOSPI","기타금융","8780","-340","-3.73","12865202300"
"023150","MH에탄올","KOSPI","음식료·담배","5000","-40","-0.79","36892630000"
"035420","NAVER","KOSPI","IT 서비스","231500","-9000","-3.74","36311385697000"
"181710","NHN","KOSPI","IT 서비스","29500","-1250","-4.07","966217600500"
"400760","NH올원리츠","KOSPI","부동산","3530","-5","-0.14","193900340750"
"005940","NH투자증권","KOSPI","증권","21150","200","0.95","7536683404350"
"005945","NH투자증권우","KOSPI","증권","19350","-110","-0.57","365153230800"
"338100","NH프라임리츠","KOSPI","부동산","4425","-50","-1.12","82570500000"
"034310","NICE","KOSPI","일반서비스","14070","100","0.72","522397178940"
"030190","NICE평가정보","KOSPI","IT 서비스","17950","-250","-1.37","1057461909650"
"008260","NI스틸","KOSPI","금속","3625","-60","-1.63","103675424125"
"004250","NPC","KOSPI","화학","3980","0","0.00","146145600000"
"004255","NPC우","KOSPI","화학","2535","10","0.40","13384800000"
"456040","OCI","KOSPI","화학","60400","-1100","-1.79","540730698000"
"010060","OCI홀딩스","KOSPI","기타금융","105200","-300","-0.28","1964108406400"
"178920","PI첨단소재","KOSPI","화학","16150","-300","-1.82","474266100300"
"001340","PKC","KOSPI","화학","5860","-250","-4.09","263221865020"
"005490","POSCO홀딩스","KOSPI","금속","308000","-10000","-3.14","24927349216000"
"010950","S-Oil","KOSPI","화학","83800","-2600","-3.01","9434437969600"
"010955","S-Oil우","KOSPI","화학","48400","-1000","-2.02","194661266800"
"034120","SBS","KOSPI","오락·문화","19310","-390","-1.98","358224405780"
"003080","SB성보","KOSPI","화학","2830","-10","-0.35","56656600000"
"005090","SGC에너지","KOSPI","전기·가스","23900","-100","-0.42","344383058700"
"001380","SG글로벌","KOSPI","운송장비·부품","1910","-17","-0.88","85881513130"
"004060","SG세계물산","KOSPI","유통","354","-8","-2.21","71658435840"
"001770","SHD","KOSPI","금속","17950","20","0.11","21807060100"
"002360","SH에너지화학","KOSPI","화학","395","-5","-1.25","43897823350"
"009160","SIMPAC","KOSPI","금속","5470","-130","-2.32","357899452520"
"033530","SJG세종","KOSPI","운송장비·부품","9110","-330","-3.50","253448954710"
"123700","SJM","KOSPI","운송장비·부품","3750","-70","-1.83","58518367500"
"025530","SJM홀딩스","KOSPI","유통","3810","-35","-0.91","56898570480"
"034730","SK","KOSPI","기타금융","254000","-5000","-1.93","18415686562000"
"011790","SKC","KOSPI","화학","109200","-3000","-2.67","4135218141600"
"018670","SK가스","KOSPI","유통","240500","0","0.00","2223481182000"
"001740","SK네트웍스","KOSPI","유통","4615","-105","-2.22","1021197517730"
"006120","SK디스커버리","KOSPI","기타금융","59900","-800","-1.32","1099036514500"
"006125","SK디스커버리우","KOSPI","기타금융","39750","-150","-0.38","52170086250"
"210980","SK디앤디","KOSPI","부동산","12680","10","0.08","236068403760"
"395400","SK리츠","KOSPI","부동산","5770","80","1.41","1712643431630"
"302440","SK바이오사이언스","KOSPI","제약","52000","-1000","-1.89","4075195540000"
"326030","SK바이오팜","KOSPI","일반서비스","132200","-2500","-1.86","10353011650000"
"402340","SK스퀘어","KOSPI","기타금융","281000","-11500","-3.93","37243981098000"
"361610","SK아이이테크놀로지","KOSPI","전기·전자","28450","-1500","-5.01","2326842995000"
"100090","SK오션플랜트","KOSPI","금속","19430","-770","-3.81","1213950046470"
"03473K","SK우","KOSPI","기타금융","192500","-4100","-2.09","108980987500"
"096770","SK이노베이션","KOSPI","화학","109800","-3100","-2.75","18561996122400"
"096775","SK이노베이션우","KOSPI","화학","75500","-1700","-2.20","94256163000"
"475150","SK이터닉스","KOSPI","건설","21400","-550","-2.51","722336498800"
"001510","SK증권","KOSPI","증권","647","-11","-1.67","305765840637"
"001515","SK증권우","KOSPI","증권","2105","-25","-1.17","8235841970"
"285130","SK케미칼","KOSPI","화학","72900","-2000","-2.67","1261080041400"
"28513K","SK케미칼우","KOSPI","화학","29950","-750","-2.44","63357098550"
"017670","SK텔레콤","KOSPI","통신","53000","-600","-1.12","11383872809000"
"000660","SK하이닉스","KOSPI","전기·전자","530000","-24000","-4.33","385841253450000"
"003570","SNT다이내믹스","KOSPI","운송장비·부품","45800","-1350","-2.86","1522973522600"
"064960","SNT모티브","KOSPI","운송장비·부품","33750","-950","-2.74","895734180000"
"100840","SNT에너지","KOSPI","기계·장비","40150","-1200","-2.90","830333437450"
"036530","SNT홀딩스","KOSPI","기타금융","59900","-400","-0.66","976602771400"
"005610","SPC삼립","KOSPI","음식료·담배","54600","-300","-0.55","471143891400"
"011810","STX","KOSPI","유통","3530","0","0.00","109493282310"
"465770","STX그린로지스","KOSPI","운송·창고","6240","-100","-1.58","44747239680"
"077970","STX엔진","KOSPI","기계·장비","37800","-600","-1.56","1517596781400"
"002820","SUN&L","KOSPI","종이·목재","2680","-35","-1.29","33789410520"
"084870","TBH글로벌","KOSPI","섬유·의류","1255","-13","-1.03","26175307845"
"002710","TCC스틸","KOSPI","금속","15720","-1080","-6.43","412079316840"
"069260","TKG휴켐스","KOSPI","화학","19980","130","0.65","816754188240"
"007980","TP","KOSPI","섬유·의류","1911","-37","-1.90","97795673430"
"002900","TYM","KOSPI","기계·장비","6310","-230","-3.52","284271532360"
"024070","WISCOM","KOSPI","화학","1965","59","3.10","30116450670"
"037270","YG PLUS","KOSPI","IT 서비스","6570","30","0.46","418266632700"
"139130","iM금융지주","KOSPI","기타금융","14180","-90","-0.63","2297935163880"
"000500","가온전선","KOSPI","전기·전자","90700","4100","4.73","1500460530500"
"000860","강남제비스코","KOSPI","화학","12840","-310","-2.36","166920000000"
"035250","강원랜드","KOSPI","오락·문화","18390","460","2.57","3934365795000"
"011420","갤럭시아에스엠","KOSPI","오락·문화","1883","-48","-2.49","51875979652"
"002100","경농","KOSPI","화학","9410","-60","-0.63","183707430750"
"009450","경동나비엔","KOSPI","전기·전자","56300","-1300","-2.26","820211729600"
"267290","경동도시가스","KOSPI","전기·가스","21850","-250","-1.13","128814621100"
"012320","경동인베스트","KOSPI","기타금융","52500","-300","-0.57","124163707500"
"000050","경방","KOSPI","유통","10850","-1140","-9.51","297455679500"
"214390","경보제약","KOSPI","제약","6350","-130","-2.01","151808561000"
"012610","경인양행","KOSPI","화학","3550","-115","-3.14","147738095750"
"009140","경인전자","KOSPI","전기·전자","20650","-100","-0.48","32436958050"
"013580","계룡건설","KOSPI","건설","20850","-300","-1.42","186209410950"
"012200","계양전기","KOSPI","기계·장비","1549","-10","-0.64","42168162121"
"012205","계양전기우","KOSPI","기계·장비","3340","45","1.37","3904723860"
"002140","고려산업","KOSPI","음식료·담배","2510","-5","-0.20","62597956750"
"010130","고려아연","KOSPI","금속","1370000","-222000","-13.94","26500270310000"
"002240","고려제강","KOSPI","금속","20400","-200","-0.97","550800000000"
"009290","광동제약","KOSPI","제약","6100","-10","-0.16","319767191100"
"017040","광명전기","KOSPI","전기·전자","1260","-29","-2.25","54605394900"
"017900","광전자","KOSPI","전기·전자","1804","-7","-0.39","104530548452"
"037710","광주신세계","KOSPI","유통","31800","-450","-1.40","253038642000"
"030610","교보증권","KOSPI","증권","9650","-70","-0.72","1099742573650"
"339770","교촌에프앤비","KOSPI","유통","4415","10","0.23","220595828200"
"007690","국도화학","KOSPI","화학","32100","-150","-0.47","297272707200"
"001140","국보","KOSPI","운송·창고","2110","0","0.00","33456978680"
"002720","국제약품","KOSPI","제약","4350","-50","-1.14","92045269200"
"083420","그린케미칼","KOSPI","화학","6810","-220","-3.13","163440000000"
"014530","극동유화","KOSPI","화학","3460","-10","-0.29","120648193200"
"014280","금강공업","KOSPI","금속","6890","-240","-3.37","202079269730"
"014285","금강공업우","KOSPI","금속","11210","-190","-1.67","6612498750"
"008870","금비","KOSPI","비금속","52600","-300","-0.57","52600000000"
"001570","금양","KOSPI","화학","9900","0","0.00","633275240400"
"002990","금호건설","KOSPI","건설","4125","-5","-0.12","152611635000"
"002995","금호건설우","KOSPI","건설","29700","6850","29.98","8680300200"
"011780","금호석유화학","KOSPI","화학","121000","-2400","-1.94","3149840782000"
"011785","금호석유화학우","KOSPI","화학","62400","-700","-1.11","188665526400"
"214330","금호에이치티","KOSPI","운송장비·부품","543","-9","-1.63","118399254930"
"001210","금호전기","KOSPI","전기·전자","609","-1","-0.16","37486384173"
"073240","금호타이어","KOSPI","화학","6010","-40","-0.66","1726434324870"
"092440","기신정기","KOSPI","기계·장비","2290","-10","-0.43","66868000000"
"000270","기아","KOSPI","운송장비·부품","120800","-3200","-2.58","47161890158400"
"024110","기업은행","KOSPI","은행","20750","-200","-0.95","16546586781750"
"013700","까뮤이앤씨","KOSPI","건설","1192","-28","-2.30","71222989360"
"004540","깨끗한나라","KOSPI","종이·목재","1936","-34","-1.73","72097981648"
"004545","깨끗한나라우","KOSPI","종이·목재","11180","30","0.27","4093668800"
"001260","남광토건","KOSPI","건설","8210","-180","-2.15","80725416120"
"008350","남선알미늄","KOSPI","금속","1030","-17","-1.62","132951462700"
"008355","남선알미우","KOSPI","금속","12390","-90","-0.72","3814757100"
"004270","남성","KOSPI","유통","892","-1","-0.11","32301246720"
"003920","남양유업","KOSPI","음식료·담배","49800","-300","-0.60","298800000000"
"003925","남양유업우","KOSPI","음식료·담배","33400","-600","-1.76","66800000000"
"025860","남해화학","KOSPI","화학","6770","20","0.30","336325767110"
"005720","넥센","KOSPI","화학","6300","-160","-2.48","337327055100"
"005725","넥센우","KOSPI","화학","4650","0","0.00","16742790000"
"002350","넥센타이어","KOSPI","화학","8090","30","0.37","790133124930"
"002355","넥센타이어1우B","KOSPI","화학","3810","5","0.13","24765000000"
"092790","넥스틸","KOSPI","금속","9320","-360","-3.72","242338640000"
"251270","넷마블","KOSPI","IT 서비스","49050","-150","-0.30","4216019273100"
"090350","노루페인트","KOSPI","화학","8660","-80","-0.92","173200000000"
"090355","노루페인트우","KOSPI","화학","13530","50","0.37","6266094780"
"000320","노루홀딩스","KOSPI","기타금융","22550","-150","-0.66","299715455050"
"000325","노루홀딩스우","KOSPI","기타금융","31300","150","0.48","7623396700"
"006280","녹십자","KOSPI","제약","164800","-2100","-1.26","1925941462400"
"005250","녹십자홀딩스","KOSPI","일반서비스","17170","330","1.96","807474365700"
"005257","녹십자홀딩스2우","KOSPI","일반서비스","26800","300","1.13","22672532000"
"004370","농심","KOSPI","음식료·담배","428000","-2500","-0.58","2603370776000"
"072710","농심홀딩스","KOSPI","기타금융","92500","-1000","-1.07","428995575000"
"058730","다스코","KOSPI","금속","3355","-85","-2.47","63063737055"
"030210","다올투자증권","KOSPI","증권","3545","-15","-0.42","215929870770"
"023590","다우기술","KOSPI","IT 서비스","38500","-1800","-4.47","1727364754500"
"145210","다이나믹디자인","KOSPI","기계·장비","848","-49","-5.46","32049067776"
"483650","달바글로벌","KOSPI","화학","158100","5300","3.47","1951572961500"
"019680","대교","KOSPI","일반서비스","1885","3","0.16","159664872250"
"019685","대교우B","KOSPI","일반서비스","1255","2","0.16","24380872450"
"006370","대구백화점","KOSPI","유통","6310","-90","-1.41","68284365410"
"008060","대덕","KOSPI","기타금융","10890","-220","-1.98","369063733500"
"00806K","대덕1우","KOSPI","기타금융","9340","-160","-1.68","11323414380"
"353200","대덕전자","KOSPI","전기·전자","45000","-800","-1.75","2223761625000"
"35320K","대덕전자1우","KOSPI","전기·전자","14610","110","0.76","30615532590"
"000490","대동","KOSPI","기계·장비","9840","-330","-3.24","259703754720"
"008110","대동전자","KOSPI","전기·전자","15040","0","0.00","157776322880"
"005750","대림바스","KOSPI","비금속","5040","-40","-0.79","84028089600"
"006570","대림통상","KOSPI","금속","2235","5","0.22","34027875000"
"001680","대상","KOSPI","음식료·담배","21300","-100","-0.47","738002932500"
"001685","대상우","KOSPI","음식료·담배","17060","-40","-0.23","23376004380"
"084690","대상홀딩스","KOSPI","기타금융","9680","-10","-0.10","350537367840"
"084695","대상홀딩스우","KOSPI","기타금융","14330","-220","-1.51","13090197060"
"128820","대성산업","KOSPI","유통","8030","240","3.08","363240888340"
"117580","대성에너지","KOSPI","전기·가스","8140","-30","-0.37","223850000000"
"016710","대성홀딩스","KOSPI","일반서비스","8820","-80","-0.90","141909028380"
"0030R0","대신밸류리츠","KOSPI","기타금융","4495","-35","-0.77","268711100000"
"003540","대신증권","KOSPI","증권","27450","0","0.00","1393729830000"
"003547","대신증권2우B","KOSPI","증권","20050","-100","-0.50","200500000000"
"003545","대신증권우","KOSPI","증권","21000","50","0.24","546000000000"
"009190","대양금속","KOSPI","금속","1330","-28","-2.06","57446191250"
"014160","대영포장","KOSPI","종이·목재","1098","-7","-0.63","119017214802"
"047040","대우건설","KOSPI","건설","3710","-55","-1.46","1541959986980"
"003090","대웅","KOSPI","제약","23650","-150","-0.63","1375057827000"
"069620","대웅제약","KOSPI","제약","183700","1000","0.55","2128453827500"
"000430","대원강업","KOSPI","운송장비·부품","3850","-100","-2.53","238700000000"
"006340","대원전선","KOSPI","전기·전자","4025","-50","-1.23","310225550775"
"006345","대원전선우","KOSPI","전기·전자","3680","-110","-2.90","9646016000"
"003220","대원제약","KOSPI","제약","12340","-70","-0.56","276756374220"
"024890","대원화성","KOSPI","화학","707","-10","-1.39","29163150464"
"002880","대유에이텍","KOSPI","운송장비·부품","1132","5","0.44","52948162340"
"012800","대창","KOSPI","금속","1198","-25","-2.04","109186317802"
"015230","대창단조","KOSPI","운송장비·부품","6600","-160","-2.37","188576718000"
"001070","대한방직","KOSPI","섬유·의류","6730","-10","-0.15","35669000000"
"006650","대한유화","KOSPI","화학","151000","-5000","-3.21","981500000000"
"001440","대한전선","KOSPI","전기·전자","23700","-700","-2.87","4418801010000"
"084010","대한제강","KOSPI","금속","18150","200","1.11","415896305550"
"001790","대한제당","KOSPI","음식료·담배","2955","-80","-2.64","265053393900"
"001795","대한제당우","KOSPI","음식료·담배","2700","-155","-5.43","17503452000"
"001130","대한제분","KOSPI","음식료·담배","153500","-700","-0.45","259415000000"
"439260","대한조선","KOSPI","운송장비·부품","75900","-900","-1.17","2924147080800"
"003490","대한항공","KOSPI","운송·창고","22150","-250","-1.12","8156087641150"
"003495","대한항공우","KOSPI","운송·창고","24250","-200","-0.82","26936754500"
"005880","대한해운","KOSPI","운송·창고","1857","-18","-0.96","599341810380"
"003830","대한화섬","KOSPI","화학","122600","-200","-0.16","162812800000"
"016090","대현","KOSPI","섬유·의류","1769","-12","-0.67","78335406390"
"069460","대호에이엘","KOSPI","금속","1474","-6","-0.41","128344057248"
"475560","더본코리아","KOSPI","유통","26050","-250","-0.95","384931472000"
"192080","더블유게임즈","KOSPI","IT 서비스","53500","-200","-0.37","1150030971000"
"012510","더존비즈온","KOSPI","IT 서비스","85000","-1500","-1.73","2582536640000"
"004830","덕성","KOSPI","화학","4965","-75","-1.49","77851200000"
"004835","덕성우","KOSPI","화학","7350","0","0.00","10231200000"
"145720","덴티움","KOSPI","의료·정밀기기","46550","-1950","-4.02","515254036500"
"002150","도화엔지니어링","KOSPI","일반서비스","6400","-20","-0.31","215808000000"
"460850","동국씨엠","KOSPI","금속","5450","-80","-1.45","162947675200"
"460860","동국제강","KOSPI","금속","8530","-200","-2.29","423156385010"
"001230","동국홀딩스","KOSPI","기타금융","7580","-90","-1.17","241047661140"
"023450","동남합성","KOSPI","화학","32000","100","0.31","112000000000"
"004140","동방","KOSPI","운송·창고","2680","-85","-3.07","128564332880"
"007590","동방아그로","KOSPI","화학","6150","0","0.00","83748098550"
"005960","동부건설","KOSPI","건설","5740","-120","-2.05","131713845620"
"005965","동부건설우","KOSPI","건설","26000","6000","30.00","5869032000"
"026960","동서","KOSPI","유통","28800","450","1.59","2871360000000"
"002210","동성제약","KOSPI","제약","973","0","0.00","25900780311"
"102260","동성케미컬","KOSPI","화학","4580","-55","-1.19","229809702780"
"000640","동아쏘시오홀딩스","KOSPI","기타금융","122400","-400","-0.33","800059521600"
"170900","동아에스티","KOSPI","제약","56200","-800","-1.40","525618986200"
"028100","동아지질","KOSPI","건설","16800","-780","-4.44","224943633600"
"001520","동양","KOSPI","비금속","820","-14","-1.68","195720931660"
"001527","동양2우B","KOSPI","비금속","8750","80","0.92","2699978750"
"084670","동양고속","KOSPI","운송·창고","102800","23700","29.96","297664493200"
"082640","동양생명","KOSPI","보험","6680","-10","-0.15","1077875347800"
"001525","동양우","KOSPI","비금속","5250","325","6.60","3243087750"
"018500","동원금속","KOSPI","운송장비·부품","1346","-18","-1.32","62932139818"
"006040","동원산업","KOSPI","기타금융","43900","250","0.57","1938096585400"
"030720","동원수산","KOSPI","농업, 임업 및 어업","6090","-20","-0.33","28341672450"
"014820","동원시스템즈","KOSPI","화학","27000","-400","-1.46","782764614000"
"014825","동원시스템즈우","KOSPI","화학","17720","-240","-1.34","4680046920"
"111380","동인기연","KOSPI","섬유·의류","13920","-180","-1.28","85301760000"
"163560","동일고무벨트","KOSPI","화학","6810","0","0.00","94659000000"
"004890","동일산업","KOSPI","금속","39900","0","0.00","96766078500"
"002690","동일제강","KOSPI","금속","1625","-4","-0.25","32988085000"
"000020","동화약품","KOSPI","제약","6310","-10","-0.16","176247575700"
"000150","두산","KOSPI","기타금융","821000","-25000","-2.96","13295138535000"
"000157","두산2우B","KOSPI","기타금융","437500","-18500","-4.06","390704125000"
"454910","두산로보틱스","KOSPI","기계·장비","81100","-3500","-4.14","5256900378000"
"241560","두산밥캣","KOSPI","기계·장비","61300","-200","-0.33","5875976784500"
"034020","두산에너빌리티","KOSPI","기계·장비","77300","200","0.26","49515376585800"
"000155","두산우","KOSPI","기타금융","499500","-14500","-2.82","1996232769000"
"336260","두산퓨얼셀","KOSPI","전기·전자","30400","-800","-2.56","1991009270400"
"33626K","두산퓨얼셀1우","KOSPI","전기·전자","7320","-210","-2.79","97825944000"
"33626L","두산퓨얼셀2우B","KOSPI","전기·전자","11130","-50","-0.45","33237519000"
"016740","두올","KOSPI","운송장비·부품","3810","-80","-2.06","109248031440"
"192650","드림텍","KOSPI","전기·전자","6950","-180","-2.52","478785784950"
"024090","디씨엠","KOSPI","금속","12600","-40","-0.32","143640000000"
"003160","디아이","KOSPI","의료·정밀기기","19340","-1060","-5.20","547322000000"
"092200","디아이씨","KOSPI","운송장비·부품","12330","-1610","-11.55","479496055770"
"377190","디앤디플랫폼리츠","KOSPI","부동산","3450","-30","-0.86","304980000000"
"013570","디와이","KOSPI","기타금융","4370","-115","-2.56","115016796210"
"024900","디와이덕양","KOSPI","운송장비·부품","2180","-40","-1.80","70991656400"
"210540","디와이파워","KOSPI","기계·장비","13680","-150","-1.08","151050565440"
"032350","롯데관광개발","KOSPI","일반서비스","23400","-200","-0.85","1861223925600"
"089860","롯데렌탈","KOSPI","일반서비스","31950","-100","-0.31","1160084946600"
"330590","롯데리츠","KOSPI","부동산","3950","5","0.13","1141427091800"
"000400","롯데손해보험","KOSPI","보험","1778","-5","-0.28","551777976960"
"023530","롯데쇼핑","KOSPI","유통","74500","-1200","-1.59","2107512247500"
"020150","롯데에너지머티리얼즈","KOSPI","전기·전자","33650","-1300","-3.72","1762097829950"
"280360","롯데웰푸드","KOSPI","음식료·담배","121600","1400","1.16","1131436198400"
"286940","롯데이노베이트","KOSPI","IT 서비스","19880","20","0.10","300771815960"
"004000","롯데정밀화학","KOSPI","화학","47100","-550","-1.15","1215180000000"
"004990","롯데지주","KOSPI","기타금융","28750","650","2.31","3016140563750"
"00499K","롯데지주우","KOSPI","기타금융","29000","-400","-1.36","23362487000"
"005300","롯데칠성","KOSPI","음식료·담배","133400","-3100","-2.27","1237803125600"
"005305","롯데칠성우","KOSPI","음식료·담배","73700","-1000","-1.34","57140347000"
"011170","롯데케미칼","KOSPI","화학","73300","-800","-1.08","3135438212700"
"071840","롯데하이마트","KOSPI","유통","7820","0","0.00","184612307840"
"027740","마니커","KOSPI","음식료·담배","786","-2","-0.25","49919825208"
"357430","마스턴프리미어리츠","KOSPI","부동산","1614","0","0.00","49235565498"
"001080","만호제강","KOSPI","금속","41400","-1200","-2.82","171810000000"
"088980","맥쿼리인프라","KOSPI","기타금융","11640","-30","-0.26","5574651998520"
"094800","맵스리얼티","KOSPI","기타금융","5010","-80","-1.57","465099998310"
"138040","메리츠금융지주","KOSPI","기타금융","109700","-400","-0.36","19221828498100"
"090370","메타랩스","KOSPI","섬유·의류","1561","119","8.25","38876219529"
"118000","메타케어","KOSPI","유통","300","-3","-0.99","51533209200"
"017180","명문제약","KOSPI","제약","1837","11","0.60","62372494998"
"009900","명신산업","KOSPI","운송장비·부품","8890","-210","-2.31","466459482370"
"317450","명인제약","KOSPI","제약","79300","700","0.89","1157780000000"
"012690","모나리자","KOSPI","종이·목재","2175","-50","-2.25","79542479625"
"005360","모나미","KOSPI","유통","1999","-11","-0.55","37775716693"
"070960","모나용평","KOSPI","일반서비스","3460","-85","-2.40","166541332180"
"009680","모토닉","KOSPI","운송장비·부품","11440","-10","-0.09","320892000000"
"009580","무림P&P","KOSPI","종이·목재","2585","-10","-0.39","161222117540"
"009200","무림페이퍼","KOSPI","종이·목재","2020","-10","-0.49","84050806200"
"033920","무학","KOSPI","음식료·담배","8770","-190","-2.12","249945000000"
"008420","문배철강","KOSPI","금속","2085","-35","-1.65","42749807925"
"025560","미래산업","KOSPI","의료·정밀기기","12780","-260","-1.99","57288318120"
"007120","미래아이앤지","KOSPI","IT 서비스","1030","134","14.96","29744966240"
"396690","미래에셋글로벌리츠","KOSPI","부동산","2605","-50","-1.88","103173473700"
"357250","미래에셋맵스리츠","KOSPI","부동산","2635","-40","-1.50","65862101675"
"085620","미래에셋생명","KOSPI","보험","8800","-130","-1.46","1557742463200"
"006800","미래에셋증권","KOSPI","증권","21400","-50","-0.23","12204771131200"
"00680K","미래에셋증권2우B","KOSPI","증권","9990","10","0.10","1373625000000"
"006805","미래에셋증권우","KOSPI","증권","10970","-30","-0.27","154410977500"
"081660","미스토홀딩스","KOSPI","유통","43100","-250","-0.58","2590130660900"
"002840","미원상사","KOSPI","화학","152900","1400","0.92","726275000000"
"268280","미원에스씨","KOSPI","화학","140800","700","0.50","704000000000"
"107590","미원홀딩스","KOSPI","기타금융","67700","-300","-0.44","157064000000"
"134380","미원화학","KOSPI","화학","94500","400","0.43","207830826000"
"003650","미창석유","KOSPI","화학","115100","1400","1.23","200236247200"
"377740","바이오노트","KOSPI","제약","5620","20","0.36","573554989760"
"003610","방림","KOSPI","섬유·의류","5930","-10","-0.17","238398796940"
"035150","백산","KOSPI","화학","13330","-170","-1.26","274049697110"
"002410","범양건영","KOSPI","건설","1935","0","0.00","53173451700"
"007210","벽산","KOSPI","비금속","1769","-17","-0.95","118275340000"
"002760","보락","KOSPI","화학","1034","-4","-0.39","61936600000"
"003850","보령","KOSPI","제약","9270","140","1.53","795247408890"
"000890","보해양조","KOSPI","음식료·담배","428","0","0.00","59543415212"
"003000","부광약품","KOSPI","제약","3870","-50","-1.28","381832276770"
"001270","부국증권","KOSPI","증권","59400","-300","-0.50","615971228400"
"001275","부국증권우","KOSPI","증권","30600","-500","-1.61","91800000000"
"026940","부국철강","KOSPI","금속","2065","-20","-0.96","41300000000"
"011390","부산산업","KOSPI","비금속","76000","-1700","-2.19","80256000000"
"005030","부산주공","KOSPI","운송장비·부품","486","0","0.00","38288532168"
"006740","블루산업개발","KOSPI","종이·목재","853","-4","-0.47","48600176564"
"002070","비비안","KOSPI","섬유·의류","635","-10","-1.55","28699508895"
"100220","비상교육","KOSPI","오락·문화","4940","-60","-1.20","64203900540"
"090460","비에이치","KOSPI","전기·전자","18250","-330","-1.78","615235568500"
"005180","빙그레","KOSPI","음식료·담배","75300","900","1.21","719544435900"
"003960","사조대림","KOSPI","음식료·담배","37850","-900","-2.32","346875075950"
"008040","사조동아원","KOSPI","음식료·담배","1129","-4","-0.35","159352253400"
"007160","사조산업","KOSPI","음식료·담배","58500","-2900","-4.72","292500000000"
"014710","사조씨푸드","KOSPI","음식료·담배","9000","0","0.00","154966887000"
"006090","사조오양","KOSPI","음식료·담배","9510","-30","-0.31","89610247890"
"062040","산일전기","KOSPI","전기·전자","139700","-5100","-3.52","4253194440000"
"001470","삼부토건","KOSPI","건설","347","0","0.00","79699592928"
"028050","삼성E&A","KOSPI","일반서비스","24900","-300","-1.19","4880400000000"
"448730","삼성FN리츠","KOSPI","부동산","4525","15","0.33","412001250000"
"006400","삼성SDI","KOSPI","전기·전자","293500","-9500","-3.14","23651853055000"
"006405","삼성SDI우","KOSPI","전기·전자","183800","-800","-0.43","297369284800"
"006660","삼성공조","KOSPI","운송장비·부품","14260","-580","-3.91","115881237640"
"028260","삼성물산","KOSPI","유통","243000","-3500","-1.42","41304300192000"
"02826K","삼성물산우B","KOSPI","유통","148600","-2200","-1.46","218083874000"
"207940","삼성바이오로직스","KOSPI","제약","1790000","18000","1.02","82860802290000"
"032830","삼성생명","KOSPI","보험","151700","-1200","-0.78","30340000000000"
"018260","삼성에스디에스","KOSPI","IT 서비스","172700","-1400","-0.80","13363146060000"
"0126Z0","삼성에피스홀딩스","KOSPI","기타금융","712000","3000","0.42","17716730888000"
"009150","삼성전기","KOSPI","전기·전자","255000","-8500","-3.23","19046892480000"
"009155","삼성전기우","KOSPI","전기·전자","122400","-4800","-3.77","355814841600"
"005930","삼성전자","KOSPI","전기·전자","102800","-2000","-1.91","608538778381600"
"005935","삼성전자우","KOSPI","전기·전자","79800","-1200","-1.48","65114778187200"
"001360","삼성제약","KOSPI","제약","1710","-34","-1.95","161017155090"
"010140","삼성중공업","KOSPI","운송장비·부품","24900","-800","-3.11","21912000000000"
"016360","삼성증권","KOSPI","증권","78900","300","0.38","7045770000000"
"068290","삼성출판사","KOSPI","오락·문화","11670","-130","-1.10","116700000000"
"029780","삼성카드","KOSPI","기타금융","56000","1200","2.19","6488097896000"
"000810","삼성화재","KOSPI","보험","485500","-4000","-0.82","22338415752500"
"000815","삼성화재우","KOSPI","보험","376500","0","0.00","1166965515000"
"006110","삼아알미늄","KOSPI","금속","25350","-1950","-7.14","372947070600"
"0120G0","삼양바이오팜","KOSPI","제약","69300","-5000","-6.73","515305791000"
"145990","삼양사","KOSPI","음식료·담배","50600","-1000","-1.94","521860519400"
"145995","삼양사우","KOSPI","음식료·담배","38450","200","0.52","14229191500"
"003230","삼양식품","KOSPI","음식료·담배","1243000","13000","1.06","9363537645000"
"002170","삼양통상","KOSPI","섬유·의류","56100","500","0.90","168300000000"
"272550","삼양패키징","KOSPI","화학","14190","40","0.28","213820681140"
"000070","삼양홀딩스","KOSPI","기타금융","61700","-200","-0.32","478988884700"
"003720","삼영","KOSPI","화학","6450","-240","-3.59","219300000000"
"002810","삼영무역","KOSPI","유통","16900","100","0.60","312091421200"
"005680","삼영전자","KOSPI","전기·전자","10720","-150","-1.38","214400000000"
"023000","삼원강재","KOSPI","운송장비·부품","2490","-5","-0.20","99600000000"
"004380","삼익THK","KOSPI","기계·장비","9960","0","0.00","209160000000"
"002450","삼익악기","KOSPI","기타제조","1251","1","0.08","113254174665"
"004440","삼일씨엔에스","KOSPI","비금속","4800","-15","-0.31","61113345600"
"000520","삼일제약","KOSPI","제약","10150","-140","-1.36","220171881650"
"009770","삼정펄프","KOSPI","종이·목재","31800","-250","-0.78","79499077800"
"005500","삼진제약","KOSPI","제약","20550","100","0.49","273726000000"
"004690","삼천리","KOSPI","전기·가스","131000","-1600","-1.21","531208275000"
"010960","삼호개발","KOSPI","건설","3635","-35","-0.95","87676200000"
"004450","삼화왕관","KOSPI","금속","31300","-400","-1.26","67432062700"
"009470","삼화전기","KOSPI","전기·전자","28450","-550","-1.90","188163179000"
"011230","삼화전자","KOSPI","전기·전자","2770","-10","-0.36","53089224450"
"001820","삼화콘덴서","KOSPI","전기·전자","31700","-1150","-3.50","329521500000"
"000390","삼화페인트","KOSPI","화학","5990","50","0.84","162948779310"
"001290","상상인증권","KOSPI","증권","636","-20","-3.05","68902408320"
"041650","상신브레이크","KOSPI","운송장비·부품","2705","-60","-2.17","58080272250"
"075180","새론오토모티브","KOSPI","운송장비·부품","3375","-15","-0.44","64800000000"
"007540","샘표","KOSPI","기타금융","50300","-200","-0.40","144652740000"
"248170","샘표식품","KOSPI","음식료·담배","29450","-450","-1.51","134536022700"
"007860","서연","KOSPI","기타금융","9800","-180","-1.80","230102471200"
"200880","서연이화","KOSPI","운송장비·부품","12590","-350","-2.70","340288021830"
"017390","서울가스","KOSPI","전기·가스","65700","-500","-0.76","328500000000"
"031210","서울보증보험","KOSPI","보험","49900","-700","-1.38","3484097740200"
"004410","서울식품","KOSPI","음식료·담배","153","0","0.00","59696795808"
"004415","서울식품우","KOSPI","음식료·담배","1223","-1","-0.08","2720563500"
"021050","서원","KOSPI","금속","1047","-26","-2.42","49705895730"
"008490","서흥","KOSPI","화학","21700","-150","-0.69","251049752100"
"007610","선도전기","KOSPI","전기·전자","3000","0","0.00","54000000000"
"136490","선진","KOSPI","음식료·담배","9850","-180","-1.79","234229099400"
"014910","성문전자","KOSPI","전기·전자","1095","-36","-3.18","24594778575"
"014915","성문전자우","KOSPI","전기·전자","4265","10","0.24","2559000000"
"004980","성신양회","KOSPI","비금속","10160","-90","-0.88","249083301680"
"004985","성신양회우","KOSPI","비금속","11960","-290","-2.37","8798314200"
"011300","성안머티리얼스","KOSPI","섬유·의류","347","-14","-3.88","53999333225"
"000180","성창기업지주","KOSPI","일반서비스","1537","-30","-1.91","107208209200"
"002420","세기상사","KOSPI","유통","6080","-290","-4.55","36297283840"
"004360","세방","KOSPI","운송·창고","15540","10","0.06","297056470620"
"004365","세방우","KOSPI","운송·창고","9600","50","0.52","35416800000"
"004490","세방전지","KOSPI","전기·전자","66400","-300","-0.45","929600000000"
"001430","세아베스틸지주","KOSPI","금속","43150","-5800","-11.85","1547450434850"
"306200","세아제강","KOSPI","금속","118300","-4000","-3.27","335534290000"
"003030","세아제강지주","KOSPI","기타금융","134100","-6500","-4.62","555396203700"
"019440","세아특수강","KOSPI","금속","15890","-230","-1.43","136177300000"
"058650","세아홀딩스","KOSPI","금속","121300","-3800","-3.04","485200000000"
"013000","세우글로벌","KOSPI","유통","1191","6","0.51","34187691921"
"021820","세원정공","KOSPI","운송장비·부품","12210","-90","-0.73","122100000000"
"067830","세이브존I&C","KOSPI","유통","3185","-210","-6.19","130715250575"
"075580","세진중공업","KOSPI","운송장비·부품","17560","-820","-4.46","998276447360"
"068270","셀트리온","KOSPI","제약","185600","-2200","-1.17","42866355846400"
"336370","솔루스첨단소재","KOSPI","전기·전자","7800","-210","-2.62","547695283200"
"33637K","솔루스첨단소재1우","KOSPI","전기·전자","1996","-69","-3.34","33749896936"
"33637L","솔루스첨단소재2우B","KOSPI","전기·전자","3640","-30","-0.82","13752997440"
"248070","솔루엠","KOSPI","전기·전자","16880","-90","-0.53","807138063680"
"004430","송원산업","KOSPI","화학","9100","30","0.33","218400000000"
"017550","수산세보틱스","KOSPI","기계·장비","1798","-40","-2.18","112193635740"
"126720","수산인더스트리","KOSPI","건설","21600","-300","-1.37","308577600000"
"053210","스카이라이프","KOSPI","오락·문화","5440","-30","-0.55","258524875200"
"204210","스타에스엠리츠","KOSPI","부동산","2035","0","0.00","15927568525"
"026890","스틱인베스트먼트","KOSPI","기타금융","10570","-280","-2.58","440538309750"
"134790","시디즈","KOSPI","기타제조","22000","0","0.00","44000000000"
"462870","시프트업","KOSPI","IT 서비스","36350","-1450","-3.84","2143248344000"
"016590","신대양제지","KOSPI","종이·목재","13220","-730","-5.23","532737180400"
"029530","신도리코","KOSPI","전기·전자","52100","-800","-1.51","525169510900"
"004970","신라교역","KOSPI","농업, 임업 및 어업","9450","-10","-0.11","151200000000"
"011930","신성이엔지","KOSPI","전기·전자","1546","-63","-3.92","318241241446"
"004170","신세계","KOSPI","유통","258000","-6500","-2.46","2488456698000"
"035510","신세계 I&C","KOSPI","IT 서비스","17550","240","1.39","245364795000"
"031430","신세계인터내셔날","KOSPI","유통","11280","40","0.36","398669040000"
"031440","신세계푸드","KOSPI","일반서비스","47900","100","0.21","185491792000"
"006880","신송홀딩스","KOSPI","유통","7150","-40","-0.56","84576334700"
"005800","신영와코루","KOSPI","섬유·의류","19200","520","2.78","172800000000"
"001720","신영증권","KOSPI","증권","142000","-2500","-1.73","2334480000000"
"009270","신원","KOSPI","섬유·의류","1510","-17","-1.11","167045006320"
"002700","신일전자","KOSPI","유통","1317","-19","-1.42","93569585157"
"002870","신풍","KOSPI","유통","1138","12","1.07","39783000600"
"019170","신풍제약","KOSPI","제약","14440","260","1.83","765103255600"
"019175","신풍제약우","KOSPI","제약","24200","-250","-1.02","53240000000"
"481850","신한글로벌액티브리츠","KOSPI","기타금융","1296","-7","-0.54","56347052544"
"404990","신한서부티엔디리츠","KOSPI","부동산","3515","15","0.43","202481778870"
"293940","신한알파리츠","KOSPI","부동산","5510","-70","-1.25","666380077730"
"055550","신한지주","KOSPI","기타금융","75800","-1400","-1.81","36800515997200"
"004080","신흥","KOSPI","유통","13850","10","0.07","131575000000"
"004770","써니전자","KOSPI","전기·전자","1561","-13","-0.83","55427110718"
"403550","쏘카","KOSPI","일반서비스","11800","-110","-0.92","387534443600"
"004920","씨아이테크","KOSPI","전기·전자","1112","-13","-1.16","58024017664"
"112610","씨에스윈드","KOSPI","금속","44500","-1000","-2.20","1876627433500"
"480370","씨케이솔루션","KOSPI","건설","8400","-340","-3.89","91852832400"
"308170","씨티알모빌리티","KOSPI","운송장비·부품","4535","15","0.33","39046350000"
"008700","아남전자","KOSPI","전기·전자","1248","1","0.08","96251775360"
"090430","아모레퍼시픽","KOSPI","화학","124200","1500","1.22","7264800667800"
"090435","아모레퍼시픽우","KOSPI","화학","45300","500","1.12","478269699000"
"002790","아모레퍼시픽홀딩스","KOSPI","화학","27400","200","0.74","2177154132000"
"00279K","아모레퍼시픽홀딩스3우C","KOSPI","화학","21550","200","0.94","152836910000"
"002795","아모레퍼시픽홀딩스우","KOSPI","화학","12010","-20","-0.17","77389677700"
"002030","아세아","KOSPI","일반서비스","356000","3500","0.99","737861976000"
"183190","아세아시멘트","KOSPI","비금속","12520","20","0.16","462334278160"
"002310","아세아제지","KOSPI","종이·목재","8460","160","1.93","352211034600"
"012170","아센디오","KOSPI","오락·문화","1747","-39","-2.18","18996429021"
"267850","아시아나IDT","KOSPI","IT 서비스","11500","-120","-1.03","127650000000"
"020560","아시아나항공","KOSPI","운송·창고","8150","-30","-0.37","1678824294650"
"122900","아이마켓코리아","KOSPI","유통","7950","30","0.38","265759278000"
"010780","아이에스동서","KOSPI","비금속","21900","-300","-1.35","661094774400"
"031820","아이티센씨티에스","KOSPI","IT 서비스","575","-9","-1.54","69604592950"
"139990","아주스틸","KOSPI","금속","3575","95","2.73","138550605050"
"009320","아진전자부품","KOSPI","운송장비·부품","933","-6","-0.64","45996685410"
"001780","알루코","KOSPI","금속","1995","-25","-1.24","193176113340"
"018250","애경산업","KOSPI","화학","13640","-40","-0.29","360231513400"
"161000","애경케미칼","KOSPI","화학","10690","-530","-4.72","520054699210"
"011090","에넥스","KOSPI","기타제조","610","-16","-2.56","36594901010"
"137310","에스디바이오센서","KOSPI","의료·정밀기기","8990","-40","-0.44","1094524426980"
"005850","에스엘","KOSPI","운송장비·부품","42550","-1000","-2.30","1976384526000"
"010580","에스엠벡셀","KOSPI","운송장비·부품","1971","-49","-2.43","219277218960"
"012750","에스원","KOSPI","일반서비스","74900","0","0.00","2846138432200"
"023960","에쓰씨엔지니어링","KOSPI","건설","1293","-31","-2.34","49180515675"
"298690","에어부산","KOSPI","운송·창고","1800","-29","-1.59","209952000000"
"140910","에이리츠","KOSPI","부동산","3130","0","0.00","13969290160"
"078520","에이블씨엔씨","KOSPI","화학","12980","1780","15.89","337663809780"
"015260","에이엔피","KOSPI","전기·전자","456","-13","-2.77","20573303664"
"007460","에이프로젠","KOSPI","금속","780","12","1.56","256857923400"
"003060","에이프로젠바이오로직스","KOSPI","제약","593","-1","-0.17","117655852085"
"244920","에이플러스에셋","KOSPI","기타금융","9350","530","6.01","211381929550"
"278470","에이피알","KOSPI","화학","264000","13000","5.18","9881692920000"
"450080","에코프로머티","KOSPI","전기·전자","59900","-3200","-5.07","4226469364600"
"019490","엑시큐어하이트론","KOSPI","전기·전자","541","0","0.00","41349858070"
"036570","엔씨소프트","KOSPI","IT 서비스","196200","-1000","-0.51","4226937116400"
"085310","엔케이","KOSPI","금속","1221","-52","-4.08","96312873162"
"900140","엘브이엠씨홀딩스","KOSPI","유통","1562","-36","-2.25","301841554784"
"066970","엘앤에프","KOSPI","전기·전자","118200","-9200","-7.22","4687809872400"
"097520","엠씨넥스","KOSPI","전기·전자","28300","250","0.89","492420000000"
"484870","엠앤씨솔루션","KOSPI","기계·장비","139000","-900","-0.64","1272392100000"
"014440","영보화학","KOSPI","화학","5000","-60","-1.19","100000000000"
"111770","영원무역","KOSPI","유통","87600","-4800","-5.19","3881684596800"
"009970","영원무역홀딩스","KOSPI","기타금융","197000","-800","-0.40","2659349689000"
"003520","영진약품","KOSPI","제약","1963","-16","-0.81","359018430953"
"000670","영풍","KOSPI","금속","58000","-9100","-13.56","1108290100000"
"012280","영화금속","KOSPI","운송장비·부품","930","-20","-2.11","48047989650"
"012160","영흥","KOSPI","금속","543","-4","-0.73","55011531996"
"007310","오뚜기","KOSPI","음식료·담배","389000","-500","-0.13","1559045870000"
"002630","오리엔트바이오","KOSPI","제약","611","-9","-1.45","72454216055"
"271560","오리온","KOSPI","음식료·담배","105000","300","0.29","4151293860000"
"001800","오리온홀딩스","KOSPI","기타금융","21250","0","0.00","1331215217500"
"005320","온타이드","KOSPI","유통","472","-1","-0.21","32273325680"
"011690","와이투솔루션","KOSPI","전기·전자","4030","135","3.47","147394807820"
"316140","우리금융지주","KOSPI","기타금융","27350","-50","-0.18","20076987352000"
"006980","우성","KOSPI","음식료·담배","16880","-50","-0.30","52159200000"
"017370","우신시스템","KOSPI","기계·장비","6550","-180","-2.67","119957053700"
"105840","우진","KOSPI","의료·정밀기기","18670","-1290","-6.46","377090498900"
"010400","우진아이엔에스","KOSPI","건설","3820","-65","-1.67","29116040000"
"049800","우진플라임","KOSPI","기계·장비","1885","5","0.27","37700000000"
"016880","웅진","KOSPI","일반서비스","2315","-90","-3.74","185031190200"
"095720","웅진씽크빅","KOSPI","일반서비스","1336","-21","-1.55","154315995960"
"005820","원림","KOSPI","섬유·의류","14760","-150","-1.01","33918037200"
"010600","웰바이오텍","KOSPI","유통","545","0","0.00","49553256815"
"008600","윌비스","KOSPI","유통","334","-5","-1.47","22456837026"
"033270","유나이티드제약","KOSPI","제약","20100","320","1.62","328309822200"
"014830","유니드","KOSPI","화학","69400","500","0.73","469671440000"
"446070","유니드비티플러스","KOSPI","종이·목재","3445","-5","-0.14","36555635675"
"000910","유니온","KOSPI","비금속","4300","-120","-2.71","67129961700"
"047400","유니온머티리얼","KOSPI","비금속","1377","-20","-1.43","57834000000"
"011330","유니켐","KOSPI","섬유·의류","1285","-18","-1.38","119844237430"
"077500","유니퀘스트","KOSPI","유통","6060","-190","-3.04","130896618120"
"002920","유성기업","KOSPI","운송장비·부품","2230","20","0.90","57862925000"
"000700","유수홀딩스","KOSPI","일반서비스","6220","20","0.32","161980070640"
"003470","유안타증권","KOSPI","증권","3725","-60","-1.59","743497245600"
"003475","유안타증권우","KOSPI","증권","3760","-60","-1.57","48549917120"
"072130","유엔젤","KOSPI","IT 서비스","4945","-15","-0.30","63768020030"
"000220","유유제약","KOSPI","제약","4300","30","0.70","73239109300"
"000225","유유제약1우","KOSPI","제약","4895","5","0.10","11096622350"
"000227","유유제약2우B","KOSPI","제약","11490","120","1.06","3740684400"
"001200","유진투자증권","KOSPI","증권","3395","-55","-1.59","328861489110"
"000100","유한양행","KOSPI","제약","115100","-1600","-1.37","9204367098700"
"000105","유한양행우","KOSPI","제약","102600","-1700","-1.63","121164444000"
"003460","유화증권","KOSPI","증권","2910","-10","-0.34","165004027650"
"003465","유화증권우","KOSPI","증권","2785","-10","-0.36","48671843625"
"008730","율촌화학","KOSPI","화학","29500","-650","-2.16","731600000000"
"008250","이건산업","KOSPI","종이·목재","4860","-5","-0.10","53229806100"
"025820","이구산업","KOSPI","금속","5120","-100","-1.92","171223040000"
"214320","이노션","KOSPI","일반서비스","19010","-290","-1.50","760400000000"
"088260","이리츠코크렙","KOSPI","부동산","4650","-100","-2.11","294538393500"
"139480","이마트","KOSPI","유통","90900","1500","1.68","2508459947100"
"457190","이수스페셜티케미컬","KOSPI","화학","60000","-2800","-4.46","1812496800000"
"007660","이수페타시스","KOSPI","전기·전자","123900","-6900","-5.28","9095402234100"
"005950","이수화학","KOSPI","화학","9300","-590","-5.97","244535771700"
"015020","이스타코","KOSPI","부동산","583","-2","-0.34","24982482800"
"074610","이엔플러스","KOSPI","기계·장비","511","0","0.00","37494486519"
"102460","이연제약","KOSPI","제약","11450","-160","-1.38","212818985950"
"084680","이월드","KOSPI","기타제조","1312","2","0.15","186049725216"
"350520","이지스레지던스리츠","KOSPI","부동산","3940","-20","-0.51","145252835880"
"334890","이지스밸류플러스리츠","KOSPI","부동산","4210","-30","-0.71","292378955430"
"000760","이화산업","KOSPI","유통","16460","-1180","-6.69","46088000000"
"014990","인디에프","KOSPI","섬유·의류","885","1","0.11","66475000575"
"101140","인바이오젠","KOSPI","유통","10200","-440","-4.14","102451003200"
"006490","인스코비","KOSPI","통신","683","-3","-0.44","85980217911"
"023800","인지컨트롤스","KOSPI","운송장비·부품","6330","-50","-0.78","100072217010"
"034590","인천도시가스","KOSPI","전기·가스","26550","150","0.57","116149718700"
"129260","인터지스","KOSPI","운송·창고","2590","-25","-0.96","77046993660"
"023810","인팩","KOSPI","운송장비·부품","6950","80","1.16","69500000000"
"249420","일동제약","KOSPI","제약","39200","-1650","-4.04","1240219478400"
"000230","일동홀딩스","KOSPI","제약","14090","-710","-4.80","162604236000"
"013360","일성건설","KOSPI","건설","2525","-135","-5.08","136412822000"
"003120","일성아이에스","KOSPI","제약","22450","-450","-1.97","298585000000"
"003200","일신방직","KOSPI","섬유·의류","13570","-430","-3.07","311567200000"
"007110","일신석재","KOSPI","유통","1668","-38","-2.23","129197625480"
"007570","일양약품","KOSPI","제약","13050","0","0.00","249067915200"
"007575","일양약품우","KOSPI","제약","12980","0","0.00","5777138400"
"008500","일정실업","KOSPI","섬유·의류","2945","-235","-7.39","17670000000"
"081000","일진다이아","KOSPI","화학","12360","-360","-2.83","175548771000"
"020760","일진디스플","KOSPI","전기·전자","902","0","0.00","46465394382"
"103590","일진전기","KOSPI","전기·전자","56300","-400","-0.71","2684687457000"
"271940","일진하이솔루스","KOSPI","운송장비·부품","14090","-520","-3.56","511652847100"
"015860","일진홀딩스","KOSPI","기타금융","7400","-40","-0.54","365171374200"
"226320","잇츠한불","KOSPI","화학","11920","260","2.23","261397434800"
"317400","자이에스앤디","KOSPI","부동산","4815","405","9.18","186737833800"
"033240","자화전자","KOSPI","전기·전자","22500","-950","-4.05","489524310000"
"000950","전방","KOSPI","섬유·의류","39450","-2300","-5.51","66276000000"
"079900","전진건설로봇","KOSPI","기계·장비","49600","-2000","-3.88","723790232000"
"348950","제이알글로벌리츠","KOSPI","부동산","2900","-50","-1.69","572390400000"
"194370","제이에스코퍼레이션","KOSPI","섬유·의류","13810","20","0.15","400721427980"
"030000","제일기획","KOSPI","일반서비스","22750","-250","-1.09","2617187868750"
"271980","제일약품","KOSPI","제약","16040","-490","-2.96","235866146880"
"001560","제일연마","KOSPI","비금속","9820","10","0.10","96236000000"
"002620","제일파마홀딩스","KOSPI","일반서비스","8200","-230","-2.73","130981511000"
"006220","제주은행","KOSPI","은행","11630","-190","-1.61","439597217910"
"089590","제주항공","KOSPI","운송·창고","5380","-110","-2.00","433848499300"
"004910","조광페인트","KOSPI","화학","5010","-50","-0.99","64128000000"
"004700","조광피혁","KOSPI","섬유·의류","69200","-400","-0.57","460120349600"
"001550","조비","KOSPI","화학","11320","-170","-1.48","58776145480"
"462520","조선내화","KOSPI","비금속","14650","100","0.69","173678211200"
"120030","조선선재","KOSPI","금속","98700","-2200","-2.18","124130153700"
"018470","조일알미늄","KOSPI","금속","1263","-4","-0.32","159935863623"
"002600","조흥","KOSPI","음식료·담배","154000","2000","1.32","92400000000"
"185750","종근당","KOSPI","제약","86200","-300","-0.35","1189799636000"
"063160","종근당바이오","KOSPI","제약","21000","50","0.24","115205202000"
"001630","종근당홀딩스","KOSPI","제약","49400","-100","-0.20","247487133400"
"109070","주성코퍼레이션","KOSPI","전기·전자","815","-16","-1.93","43040337450"
"044380","주연테크","KOSPI","전기·전자","436","-6","-1.36","28113969752"
"013890","지누스","KOSPI","기타제조","11780","-90","-0.76","262158905280"
"013870","지엠비코리아","KOSPI","운송장비·부품","4000","-30","-0.74","76289120000"
"071320","지역난방공사","KOSPI","전기·가스","111600","-800","-0.71","1292187830400"
"088790","진도","KOSPI","유통","2025","10","0.50","25206681600"
"003780","진양산업","KOSPI","화학","6890","-190","-2.68","89570000000"
"010640","진양폴리","KOSPI","화학","3720","-180","-4.62","37200000000"
"100250","진양홀딩스","KOSPI","화학","3315","-60","-1.78","185292892980"
"051630","진양화학","KOSPI","화학","2755","-145","-5.00","58406000000"
"272450","진에어","KOSPI","운송·창고","6980","-30","-0.43","364356000000"
"011000","진원생명과학","KOSPI","제약","2010","-20","-0.99","171673971360"
"002780","진흥기업","KOSPI","건설","742","13","1.78","107940034790"
"002787","진흥기업2우B","KOSPI","건설","8310","120","1.47","2449854480"
"002785","진흥기업우B","KOSPI","건설","3910","260","7.12","3351722380"
"025620","차AI헬스케어","KOSPI","화학","12110","-190","-1.54","220450113030"
"009310","참엔지니어링","KOSPI","기계·장비","1108","-20","-1.77","18806619164"
"000650","천일고속","KOSPI","운송·창고","426000","5000","1.19","608847720000"
"033250","체시스","KOSPI","운송장비·부품","1037","-2","-0.19","33184000000"
"035720","카카오","KOSPI","IT 서비스","57900","-1700","-2.85","25616337962100"
"323410","카카오뱅크","KOSPI","은행","21200","-350","-1.62","10112197264400"
"377300","카카오페이","KOSPI","기타금융","45100","-1700","-3.63","6095025970000"
"006380","카프로","KOSPI","화학","3660","0","0.00","618539985360"
"001620","케이비아이동국실업","KOSPI","운송장비·부품","493","2","0.41","54867464283"
"029460","케이씨","KOSPI","의료·정밀기기","24600","750","3.14","325489069800"
"281820","케이씨텍","KOSPI","의료·정밀기기","35350","-1000","-2.75","731402918050"
"381970","케이카","KOSPI","유통","16640","10","0.06","812378910720"
"145270","케이탑리츠","KOSPI","부동산","967","4","0.42","46474768458"
"417310","코람코더원리츠","KOSPI","부동산","8300","10","0.12","335320000000"
"357120","코람코라이프인프라리츠","KOSPI","부동산","4295","-115","-2.61","418055345430"
"007815","코리아써우","KOSPI","전기·전자","10190","-840","-7.62","30210191100"
"007810","코리아써키트","KOSPI","전기·전자","33900","-2100","-5.83","800743458900"
"00781K","코리아써키트2우B","KOSPI","전기·전자","9190","-100","-1.08","7202193810"
"003690","코리안리","KOSPI","보험","11590","90","0.78","2257975749290"
"192820","코스맥스","KOSPI","화학","169900","8300","5.14","1928281579100"
"044820","코스맥스비티아이","KOSPI","기타금융","13960","80","0.58","134070737160"
"005070","코스모신소재","KOSPI","화학","49800","-3200","-6.04","1619035648800"
"005420","코스모화학","KOSPI","화학","16310","-860","-5.01","626438198680"
"071950","코아스","KOSPI","기타제조","3640","-155","-4.08","41494336520"
"002020","코오롱","KOSPI","기타금융","53000","-1200","-2.21","669200578000"
"138490","코오롱ENP","KOSPI","화학","8180","-210","-2.50","310840000000"
"003070","코오롱글로벌","KOSPI","건설","9230","-270","-2.84","234663141570"
"003075","코오롱글로벌우","KOSPI","건설","15530","-10","-0.06","11503645610"
"450140","코오롱모빌리티그룹","KOSPI","유통","7290","0","0.00","457646152500"
"45014K","코오롱모빌리티그룹우","KOSPI","유통","12200","0","0.00","29964664000"
"002025","코오롱우","KOSPI","기타금융","27300","-700","-2.50","29385447000"
"120110","코오롱인더","KOSPI","화학","44700","-900","-1.97","1230103367700"
"120115","코오롱인더우","KOSPI","화학","25100","-250","-0.99","69473286000"
"021240","코웨이","KOSPI","일반서비스","90000","800","0.90","6471821970000"
"036420","콘텐트리중앙","KOSPI","오락·문화","9900","-80","-0.80","190696849200"
"024720","콜마홀딩스","KOSPI","기타금융","9980","-60","-0.60","342276664820"
"192400","쿠쿠홀딩스","KOSPI","기타금융","30500","-250","-0.81","1084646642500"
"284740","쿠쿠홈시스","KOSPI","일반서비스","25850","100","0.39","580004980500"
"264900","크라운제과","KOSPI","음식료·담배","9020","-60","-0.66","112965127000"
"26490K","크라운제과우","KOSPI","음식료·담배","9980","10","0.10","7720128800"
"005740","크라운해태홀딩스","KOSPI","기타금융","7090","-10","-0.14","105267690230"
"005745","크라운해태홀딩스우","KOSPI","기타금융","8300","-50","-0.60","4986025800"
"259960","크래프톤","KOSPI","IT 서비스","244000","2000","0.83","11566083364000"
"020120","키다리스튜디오","KOSPI","IT 서비스","3465","-120","-3.35","128425949190"
"039490","키움증권","KOSPI","증권","280500","-500","-0.18","7496184102000"
"014580","태경비케이","KOSPI","비금속","4855","-60","-1.22","133915950500"
"015890","태경산업","KOSPI","화학","5220","-60","-1.14","152574075000"
"006890","태경케미컬","KOSPI","화학","8560","-30","-0.35","99296000000"
"003240","태광산업","KOSPI","화학","809000","-25000","-3.00","900740600000"
"011280","태림포장","KOSPI","종이·목재","2020","-45","-2.18","143027998800"
"004100","태양금속","KOSPI","운송장비·부품","2505","-90","-3.47","91933500000"
"004105","태양금속우","KOSPI","운송장비·부품","3645","-50","-1.35","12028500000"
"009410","태영건설","KOSPI","건설","1775","-9","-0.50","528222388450"
"009415","태영건설우","KOSPI","건설","11190","2580","29.97","7273209060"
"001420","태원물산","KOSPI","운송장비·부품","3425","-50","-1.44","26030000000"
"055490","테이팩스","KOSPI","화학","15200","-290","-1.87","72498680000"
"078000","텔코웨어","KOSPI","IT 서비스","15390","-250","-1.60","142204785030"
"214420","토니모리","KOSPI","화학","8770","10","0.11","210960587230"
"019180","티에이치엔","KOSPI","전기·전자","7230","-370","-4.87","130140000000"
"217590","티엠씨","KOSPI","전기·전자","21800","5030","29.99","525254105000"
"363280","티와이홀딩스","KOSPI","기타금융","2805","-15","-0.53","141454096740"
"36328K","티와이홀딩스우","KOSPI","기타금융","5240","425","8.83","6513393360"
"091810","티웨이항공","KOSPI","운송·창고","1508","-13","-0.85","410429080100"
"004870","티웨이홀딩스","KOSPI","비금속","543","29","5.64","61447777242"
"034230","파라다이스","KOSPI","오락·문화","17480","-520","-2.89","1615249171320"
"005690","파미셀","KOSPI","제약","15840","-340","-2.10","950668709760"
"036580","팜스코","KOSPI","음식료·담배","2470","10","0.41","90718019210"
"004720","팜젠사이언스","KOSPI","제약","4115","-85","-2.02","77437144015"
"028670","팬오션","KOSPI","운송·창고","3985","-45","-1.12","2130259505320"
"010820","퍼스텍","KOSPI","금속","3845","-125","-3.15","187528101610"
"016800","퍼시스","KOSPI","기타제조","50300","900","1.82","578450000000"
"001020","페이퍼코리아","KOSPI","종이·목재","620","-3","-0.48","110349654060"
"090080","평화산업","KOSPI","운송장비·부품","947","-11","-1.15","51992439273"
"010770","평화홀딩스","KOSPI","운송장비·부품","3900","-115","-2.86","57039317400"
"022100","포스코DX","KOSPI","일반서비스","26650","-2300","-7.94","4051725527850"
"058430","포스코스틸리온","KOSPI","금속","39100","-450","-1.14","234600000000"
"047050","포스코인터내셔널","KOSPI","유통","53000","-1400","-2.57","9323907764000"
"003670","포스코퓨처엠","KOSPI","전기·전자","210000","-17000","-7.49","18678706200000"
"017810","풀무원","KOSPI","음식료·담배","12960","-170","-1.29","494042224320"
"103140","풍산","KOSPI","금속","100400","-1400","-1.38","2813637511200"
"005810","풍산홀딩스","KOSPI","기타금융","37200","-600","-1.59","536323262400"
"950210","프레스티지바이오파마","KOSPI","일반서비스","13050","70","0.54","784254822750"
"009810","플레이그램","KOSPI","유통","262","1","0.38","39794525000"
"086790","하나금융지주","KOSPI","기타금융","92300","500","0.54","25689472632200"
"293480","하나제약","KOSPI","제약","11610","-70","-0.60","206343903060"
"039130","하나투어","KOSPI","일반서비스","48100","-500","-1.03","745065729200"
"352820","하이브","KOSPI","오락·문화","296000","-5000","-1.66","12598336904000"
"071090","하이스틸","KOSPI","금속","3565","-80","-2.19","71982594115"
"000080","하이트진로","KOSPI","음식료·담배","18950","-20","-0.11","1329031928450"
"000087","하이트진로2우B","KOSPI","음식료·담배","15420","0","0.00","17426727960"
"000140","하이트진로홀딩스","KOSPI","기타금융","10140","0","0.00","235316597100"
"000145","하이트진로홀딩스우","KOSPI","기타금융","12480","70","0.56","5875708800"
"152550","한국ANKOR유전","KOSPI","기타금융","211","-5","-2.31","14774220000"
"036460","한국가스공사","KOSPI","전기·가스","41950","-150","-0.36","3872530350000"
"005430","한국공항","KOSPI","운송·창고","62600","1800","2.96","198213823000"
"071050","한국금융지주","KOSPI","기타금융","164000","4000","2.50","9139062688000"
"071055","한국금융지주우","KOSPI","기타금융","126500","-600","-0.47","741068751500"
"010040","한국내화","KOSPI","비금속","2090","-5","-0.24","85830159580"
"025540","한국단자","KOSPI","전기·전자","69400","-1000","-1.42","701981000000"
"010100","한국무브넥스","KOSPI","운송장비·부품","4375","-145","-3.21","133220587500"
"004090","한국석유","KOSPI","비금속","13790","-150","-1.08","175051914800"
"002200","한국수출포장","KOSPI","종이·목재","3215","0","0.00","128600000000"
"002960","한국쉘석유","KOSPI","화학","462000","-500","-0.11","600600000000"
"000240","한국앤컴퍼니","KOSPI","기타금융","25500","-550","-2.11","2420848620000"
"123890","한국자산신탁","KOSPI","기타금융","2540","5","0.20","310829772040"
"015760","한국전력","KOSPI","전기·가스","50300","300","0.60","32290793073100"
"006200","한국전자홀딩스","KOSPI","기타금융","660","-3","-0.45","30890069760"
"027970","한국제지","KOSPI","종이·목재","739","0","0.00","140541717143"
"023350","한국종합기술","KOSPI","일반서비스","4865","-65","-1.32","53271750000"
"025890","한국주강","KOSPI","기계·장비","1704","-38","-2.18","19270977336"
"000970","한국주철관","KOSPI","금속","7310","-100","-1.35","166671655000"
"104700","한국철강","KOSPI","금속","10020","30","0.30","365229000000"
"017960","한국카본","KOSPI","금속","31850","800","2.58","1653284196200"
"161890","한국콜마","KOSPI","화학","65100","1900","3.01","1536690512700"
"161390","한국타이어앤테크놀로지","KOSPI","화학","60400","700","1.17","7482054167600"
"034830","한국토지신탁","KOSPI","기타금융","1306","-32","-2.39","329750934380"
"007280","한국특강","KOSPI","금속","1484","-23","-1.53","90246953524"
"047810","한국항공우주","KOSPI","운송장비·부품","108600","-4200","-3.72","10585796620200"
"123690","한국화장품","KOSPI","유통","9670","-70","-0.72","155377560000"
"003350","한국화장품제조","KOSPI","화학","50100","800","1.62","227053200000"
"011500","한농화성","KOSPI","화학","15460","-570","-3.56","241748669320"
"002390","한독","KOSPI","제약","11320","-110","-0.96","155803193560"
"053690","한미글로벌","KOSPI","일반서비스","18080","-40","-0.22","198112504000"
"042700","한미반도체","KOSPI","기계·장비","116300","-2200","-1.86","11084808860000"
"008930","한미사이언스","KOSPI","기타금융","37500","-350","-0.92","2564683125000"
"128940","한미약품","KOSPI","제약","436500","-11500","-2.57","5591997571500"
"009240","한샘","KOSPI","유통","46000","-250","-0.54","1082560688000"
"020000","한섬","KOSPI","섬유·의류","15830","-180","-1.12","355189535010"
"003680","한성기업","KOSPI","음식료·담배","5810","-80","-1.36","36077282150"
"105630","한세실업","KOSPI","섬유·의류","13620","-140","-1.02","544800000000"
"069640","한세엠케이","KOSPI","유통","652","-10","-1.51","29213839304"
"016450","한세예스24홀딩스","KOSPI","섬유·의류","4280","-70","-1.61","171200000000"
"009180","한솔로지스틱스","KOSPI","운송·창고","2920","0","0.00","82215009000"
"213500","한솔제지","KOSPI","종이·목재","8480","20","0.24","201828884480"
"014680","한솔케미칼","KOSPI","화학","223000","-500","-0.22","2527748485000"
"004710","한솔테크닉스","KOSPI","전기·전자","5810","-230","-3.81","186558391180"
"004150","한솔홀딩스","KOSPI","기타금융","3155","-25","-0.79","129438986100"
"025750","한솔홈데코","KOSPI","종이·목재","633","-2","-0.31","50997739317"
"004960","한신공영","KOSPI","건설","10630","-920","-7.97","122996562260"
"011700","한신기계","KOSPI","기계·장비","3055","-70","-2.24","99122991305"
"001750","한양증권","KOSPI","증권","19360","-210","-1.07","246424418240"
"001755","한양증권우","KOSPI","증권","18770","50","0.27","9854250000"
"018880","한온시스템","KOSPI","기계·장비","3325","-235","-6.60","2256885485400"
"009420","한올바이오파마","KOSPI","제약","43500","-800","-1.81","2272467753000"
"014130","한익스프레스","KOSPI","운송·창고","3130","-30","-0.95","37560000000"
"300720","한일시멘트","KOSPI","비금속","19930","-220","-1.09","1465756015370"
"002220","한일철강","KOSPI","금속","4935","-355","-6.71","131751965100"
"003300","한일홀딩스","KOSPI","비금속","17750","200","1.14","547283691000"
"051600","한전KPS","KOSPI","건설","52700","-700","-1.31","2371500000000"
"052690","한전기술","KOSPI","일반서비스","92800","-4100","-4.23","3546816000000"
"130660","한전산업","KOSPI","일반서비스","10910","-370","-3.28","355666000000"
"002320","한진","KOSPI","운송·창고","20950","50","0.24","319173459500"
"003480","한진중공업홀딩스","KOSPI","전기·가스","4955","-115","-2.27","146320218460"
"180640","한진칼","KOSPI","기타금융","112800","-7200","-6.00","7530785071200"
"18064K","한진칼우","KOSPI","기타금융","35850","-2100","-5.53","19243061100"
"005110","한창","KOSPI","유통","1254","0","0.00","26467434378"
"009460","한창제지","KOSPI","종이·목재","532","-5","-0.93","31743102552"
"372910","한컴라이프케어","KOSPI","의료·정밀기기","3150","70","2.27","87174378900"
"000880","한화","KOSPI","화학","78800","-2500","-3.08","5906748318000"
"00088K","한화3우B","KOSPI","화학","36350","-1200","-3.20","705351430350"
"452260","한화갤러리아","KOSPI","유통","1110","21","1.93","215184167100"
"45226K","한화갤러리아우","KOSPI","유통","2095","-5","-0.24","6084864650"
"451800","한화리츠","KOSPI","부동산","4035","-55","-1.34","724686000000"
"489790","한화비전","KOSPI","전기·전자","36550","-1050","-2.79","1845350654500"
"088350","한화생명","KOSPI","보험","3085","-45","-1.44","2679415050000"
"000370","한화손해보험","KOSPI","보험","5250","-100","-1.87","612879303750"
"009830","한화솔루션","KOSPI","화학","27150","-700","-2.51","4666882352400"
"009835","한화솔루션우","KOSPI","화학","21050","-550","-2.55","54211096450"
"272210","한화시스템","KOSPI","전기·전자","50300","-2400","-4.55","9502645266700"
"012450","한화에어로스페이스","KOSPI","운송장비·부품","875000","-33000","-3.63","45117975875000"
"082740","한화엔진","KOSPI","기계·장비","42000","-1850","-4.22","3504779964000"
"042660","한화오션","KOSPI","운송장비·부품","108700","-4600","-4.06","33307135927800"
"003530","한화투자증권","KOSPI","증권","4595","-110","-2.34","985847026125"
"003535","한화투자증권우","KOSPI","증권","7590","-150","-1.94","36432000000"
"195870","해성디에스","KOSPI","전기·전자","49050","-950","-1.90","833850000000"
"101530","해태제과식품","KOSPI","음식료·담배","6890","-90","-1.29","200614903580"
"143210","핸즈코퍼레이션","KOSPI","운송장비·부품","1370","-22","-1.58","29969773390"
"000720","현대건설","KOSPI","건설","69500","-3600","-4.92","7739225667500"
"000725","현대건설우","KOSPI","건설","56000","-1400","-2.44","59062808000"
"453340","현대그린푸드","KOSPI","유통","16380","130","0.80","537580887480"
"086280","현대글로비스","KOSPI","운송·창고","179400","-3100","-1.70","13455000000000"
"064350","현대로템","KOSPI","운송장비·부품","181400","0","0.00","19798411950200"
"079430","현대리바트","KOSPI","기타제조","6330","-60","-0.94","129988335060"
"012330","현대모비스","KOSPI","운송장비·부품","357000","-7500","-2.06","32391532131000"
"069960","현대백화점","KOSPI","유통","91800","-1100","-1.18","2077325033400"
"004560","현대비앤지스틸","KOSPI","금속","11050","-230","-2.04","166620861550"
"004310","현대약품","KOSPI","제약","7030","700","11.06","224960000000"
"017800","현대엘리베이터","KOSPI","기계·장비","91300","-1200","-1.30","3569134750500"
"307950","현대오토에버","KOSPI","IT 서비스","282000","-10500","-3.59","7733562924000"
"011210","현대위아","KOSPI","운송장비·부품","67200","-2500","-3.59","1827509577600"
"004020","현대제철","KOSPI","금속","30850","-1050","-3.29","4116802467250"
"005440","현대지에프홀딩스","KOSPI","기타금융","8720","50","0.58","1359485504720"
"005380","현대차","KOSPI","운송장비·부품","286000","-7500","-2.56","58560721076000"
"005387","현대차2우B","KOSPI","운송장비·부품","205500","-4500","-2.14","7185087615000"
"005389","현대차3우B","KOSPI","운송장비·부품","199200","-3800","-1.87","463628438400"
"005385","현대차우","KOSPI","운송장비·부품","201500","-5000","-2.42","4703203440000"
"001500","현대차증권","KOSPI","증권","8020","-80","-0.99","495901012880"
"011760","현대코퍼레이션","KOSPI","유통","22250","-650","-2.84","294344493500"
"227840","현대코퍼레이션홀딩스","KOSPI","유통","12790","-30","-0.23","116399692440"
"126560","현대퓨처넷","KOSPI","통신","3210","-15","-0.47","353751453450"
"001450","현대해상","KOSPI","보험","29400","-250","-0.84","2628360000000"
"057050","현대홈쇼핑","KOSPI","유통","55800","-200","-0.36","669600000000"
"093240","형지엘리트","KOSPI","섬유·의류","1285","92","7.71","49331482815"
"003010","혜인","KOSPI","유통","5330","-150","-2.74","67758941510"
"111110","호전실업","KOSPI","섬유·의류","8470","-180","-2.08","79414720000"
"008770","호텔신라","KOSPI","유통","45100","-350","-0.77","1770090257100"
"008775","호텔신라우","KOSPI","유통","38150","-150","-0.39","28684183850"
"378850","화승알앤에이","KOSPI","운송장비·부품","3255","-100","-2.98","61824242865"
"241590","화승엔터프라이즈","KOSPI","섬유·의류","5050","-130","-2.51","305975843800"
"006060","화승인더","KOSPI","유통","3805","0","0.00","210492600000"
"013520","화승코퍼레이션","KOSPI","운송장비·부품","2230","-55","-2.41","111614291960"
"010690","화신","KOSPI","운송장비·부품","8520","-310","-3.51","297521893200"
"133820","화인베스틸","KOSPI","금속","1697","-32","-1.85","62983309894"
"010660","화천기계","KOSPI","기계·장비","5570","-50","-0.89","122540000000"
"000850","화천기공","KOSPI","기계·장비","37150","-950","-2.49","81730000000"
"016580","환인제약","KOSPI","제약","11660","10","0.09","216876816200"
"032560","황금에스티","KOSPI","금속","6030","-10","-0.17","102510000000"
"004800","효성","KOSPI","기타금융","125600","-2200","-1.72","2102595119200"
"094280","효성ITX","KOSPI","일반서비스","12920","-80","-0.62","149331944000"
"298040","효성중공업","KOSPI","전기·전자","1898000","-3000","-0.16","17697992104000"
"298020","효성티앤씨","KOSPI","화학","230500","-2500","-1.07","997530701000"
"298000","효성화학","KOSPI","화학","38900","0","0.00","147501447900"
"093370","후성","KOSPI","화학","7590","-340","-4.29","814067954700"
"005870","휴니드","KOSPI","전기·전자","7600","-210","-2.69","107281714000"
"079980","휴비스","KOSPI","화학","2710","-45","-1.63","93495000000"
"005010","휴스틸","KOSPI","금속","4010","-60","-1.47","225314180750"
"000540","흥국화재","KOSPI","보험","3570","-50","-1.38","229346242650"
"000545","흥국화재우","KOSPI","보험","7240","-10","-0.14","5560320000"
"003280","흥아해운","KOSPI","운송·창고","1604","-10","-0.62","385641537996"